timestamp,forecast,actual
2024-12-19 23:00:00,52582.187831556774,52164.25
2024-12-20 00:00:00,50957.042673455566,49349.5
2024-12-20 01:00:00,50757.154580681,48071.75
2024-12-20 02:00:00,51615.22710809963,47501.5
2024-12-20 03:00:00,52662.04855739912,47626.5
2024-12-20 04:00:00,53608.39022603068,48774.25
2024-12-20 05:00:00,54908.34554033258,51276.0
2024-12-20 06:00:00,56819.15063433618,56158.75
2024-12-20 07:00:00,58783.3713550011,60685.25
2024-12-20 08:00:00,60053.484995303894,63116.75
2024-12-20 09:00:00,60632.96282226269,63728.0
2024-12-20 10:00:00,61152.64995026267,64565.25
2024-12-20 11:00:00,61881.124063000374,64163.75
2024-12-20 12:00:00,62330.55862292783,63726.75
2024-12-20 13:00:00,62018.07629753971,62747.25
2024-12-20 14:00:00,61235.988177969324,61245.25
2024-12-20 15:00:00,60690.0577346511,60483.75
2024-12-20 16:00:00,60545.43483911555,61334.75
2024-12-20 17:00:00,60281.025209178595,62692.75
2024-12-20 18:00:00,59544.997236287745,62401.25
2024-12-20 19:00:00,58734.07356322587,60748.75
2024-12-20 20:00:00,58448.232506963526,57554.0
2024-12-20 21:00:00,58638.74949993369,54761.5
2024-12-20 22:00:00,58705.30829472994,53041.66666666666
2024-12-18 23:00:00,50992.28847834714,50665.75
2024-12-19 00:00:00,48721.79460495396,47355.25
2024-12-19 01:00:00,48244.79989820029,45143.25
2024-12-19 02:00:00,49090.20798441775,44219.25
2024-12-19 03:00:00,50224.10119896068,45067.5
2024-12-19 04:00:00,51291.57488429766,46403.5
2024-12-19 05:00:00,52822.51286589386,49617.0
2024-12-19 06:00:00,55129.65806061395,57104.25
2024-12-19 07:00:00,57560.191379932,62647.0
2024-12-19 08:00:00,59219.042291782825,66116.25
2024-12-19 09:00:00,60093.10604476339,66958.75
2024-12-19 10:00:00,60919.335672078,67069.5
2024-12-19 11:00:00,62005.23769472992,66865.25
2024-12-19 12:00:00,62749.37879635657,66274.25
2024-12-19 13:00:00,62554.66378715374,65073.25
2024-12-19 14:00:00,61762.341318693376,63909.5
2024-12-19 15:00:00,61217.43838647072,63635.75
2024-12-19 16:00:00,61110.40329273479,64186.0
2024-12-19 17:00:00,60801.80442390531,64513.25
2024-12-19 18:00:00,59869.77348683709,63840.75
2024-12-19 19:00:00,58814.88899453306,62102.75
2024-12-19 20:00:00,58381.22250523137,59914.75
2024-12-19 21:00:00,58507.328014054714,57554.0
2024-12-19 22:00:00,58458.24214212036,55038.25
2024-12-17 23:00:00,50817.91874024863,49318.0
2024-12-18 00:00:00,49214.566804853515,46696.25
2024-12-18 01:00:00,49194.76723273622,45271.0
2024-12-18 02:00:00,50465.68253542435,45035.75
2024-12-18 03:00:00,52086.12139699873,45518.5
2024-12-18 04:00:00,53562.57354440991,47551.75
2024-12-18 05:00:00,55226.01920802389,50806.5
2024-12-18 06:00:00,57391.43452249089,57004.75
2024-12-18 07:00:00,59592.802166847876,62925.5
2024-12-18 08:00:00,61040.583933929214,66596.25
2024-12-18 09:00:00,61617.22353095088,67416.0
2024-12-18 10:00:00,61937.92786373211,68394.25
2024-12-18 11:00:00,62400.414938056594,68471.25
2024-12-18 12:00:00,62631.81457274397,68053.0
2024-12-18 13:00:00,62126.155619168174,66983.25
2024-12-18 14:00:00,61096.28580706334,66048.25
2024-12-18 15:00:00,60266.62753524301,65874.75
2024-12-18 16:00:00,59917.95844913866,66631.75
2024-12-18 17:00:00,59593.33405731137,68408.75
2024-12-18 18:00:00,58877.43473113427,67540.0
2024-12-18 19:00:00,58076.59847414929,65233.75
2024-12-18 20:00:00,57798.081586007334,61704.25
2024-12-18 21:00:00,58069.341661766506,58138.75
2024-12-18 22:00:00,58305.57020141861,54412.75
2024-12-16 23:00:00,54814.571442250504,54891.0
2024-12-17 00:00:00,52467.05691796658,50605.75
2024-12-17 01:00:00,51512.383180357116,48283.75
2024-12-17 02:00:00,51693.52107065853,47365.75
2024-12-17 03:00:00,52214.98902008542,47368.0
2024-12-17 04:00:00,52689.26031255785,48362.5
2024-12-17 05:00:00,53444.49752110079,51724.75
2024-12-17 06:00:00,54788.8944608228,58564.75
2024-12-17 07:00:00,56351.26819944573,64863.75
2024-12-17 08:00:00,57471.530028793604,67516.25
2024-12-17 09:00:00,58047.49781362486,68366.25
2024-12-17 10:00:00,58585.06959318494,69908.75
2024-12-17 11:00:00,59392.521524255346,69922.75
2024-12-17 12:00:00,60113.958849689974,68771.0
2024-12-17 13:00:00,60271.514812440604,67442.75
2024-12-17 14:00:00,59991.65201378328,65897.75
2024-12-17 15:00:00,59840.35831935889,64608.25
2024-12-17 16:00:00,60023.75038832517,64884.0
2024-12-17 17:00:00,60135.95538047075,66721.25
2024-12-17 18:00:00,59807.82843493751,66069.0
2024-12-17 19:00:00,59282.4489752915,63410.0
2024-12-17 20:00:00,59073.98014260688,59913.0
2024-12-17 21:00:00,59230.362103251995,56426.0
2024-12-17 22:00:00,59289.77602951481,53408.75
2024-12-15 23:00:00,54285.457930431854,52449.25
2024-12-16 00:00:00,53923.80190558706,50005.25
2024-12-16 01:00:00,54378.907187960496,48526.0
2024-12-16 02:00:00,55495.7429036007,47467.75
2024-12-16 03:00:00,56694.69175631043,47356.0
2024-12-16 04:00:00,57596.80295746969,48672.5
2024-12-16 05:00:00,58369.75354571107,52356.5
2024-12-16 06:00:00,59302.52348307976,59880.75
2024-12-16 07:00:00,60252.87079961405,66162.75
2024-12-16 08:00:00,60783.144551737794,69507.75
2024-12-16 09:00:00,60771.54005626318,69735.25
2024-12-16 10:00:00,60587.603082366804,70370.0
2024-12-16 11:00:00,60572.974200856006,70562.25
2024-12-16 12:00:00,60591.66398644547,70422.0
2024-12-16 13:00:00,60299.813068013515,70863.5
2024-12-16 14:00:00,59718.857517424934,69343.75
2024-12-16 15:00:00,59258.71088088572,69087.75
2024-12-16 16:00:00,59160.778520872605,69743.75
2024-12-16 17:00:00,59185.0129588629,71033.25
2024-12-16 18:00:00,58995.46368248786,70308.5
2024-12-16 19:00:00,58667.34214100449,68534.25
2024-12-16 20:00:00,58570.64500367763,65139.25
2024-12-16 21:00:00,58813.61740119961,61539.25
2024-12-16 22:00:00,59073.1326399554,58030.5
2024-12-14 23:00:00,50206.40775454974,49319.0
2024-12-15 00:00:00,49684.35584919255,46701.25
2024-12-15 01:00:00,50398.17170402579,45240.75
2024-12-15 02:00:00,51972.275847480545,44216.25
2024-12-15 03:00:00,53625.16291195684,43079.25
2024-12-15 04:00:00,55015.879292682046,42895.0
2024-12-15 05:00:00,56430.78622051045,42939.75
2024-12-15 06:00:00,58084.17446178789,43373.5
2024-12-15 07:00:00,59597.79232736846,45775.5
2024-12-15 08:00:00,60431.7385912789,48551.5
2024-12-15 09:00:00,60614.73370635812,52354.5
2024-12-15 10:00:00,60682.768838720614,54943.0
2024-12-15 11:00:00,60915.1326578118,57667.25
2024-12-15 12:00:00,60991.17860808635,58290.75
2024-12-15 13:00:00,60554.885495111055,58018.5
2024-12-15 14:00:00,59829.2632412135,56982.5
2024-12-15 15:00:00,59363.45084843783,57546.25
2024-12-15 16:00:00,59290.926352983035,59623.0
2024-12-15 17:00:00,59196.21364740672,62107.25
2024-12-15 18:00:00,58776.53228420837,62357.75
2024-12-15 19:00:00,58311.0383696192,61399.75
2024-12-15 20:00:00,58249.60480878627,59068.25
2024-12-15 21:00:00,58543.141776465374,56573.75
2024-12-15 22:00:00,58710.69992530672,55204.5
2024-12-13 23:00:00,53628.50535383795,52351.75
2024-12-14 00:00:00,52859.320808108016,48831.0
2024-12-14 01:00:00,53348.43387775796,46484.0
2024-12-14 02:00:00,54622.016924271105,45077.0
2024-12-14 03:00:00,55760.81447827767,44361.75
2024-12-14 04:00:00,56498.33680601353,44631.25
2024-12-14 05:00:00,57373.15876336296,45138.0
2024-12-14 06:00:00,58733.37148966143,46681.0
2024-12-14 07:00:00,60076.625693235525,49248.0
2024-12-14 08:00:00,60693.46170691681,53000.0
2024-12-14 09:00:00,60651.39085752724,55764.0
2024-12-14 10:00:00,60665.59639965166,57856.5
2024-12-14 11:00:00,61053.12737594234,59103.75
2024-12-14 12:00:00,61309.52139272392,59663.25
2024-12-14 13:00:00,60912.965084176445,58241.75
2024-12-14 14:00:00,60151.3534695288,57387.25
2024-12-14 15:00:00,59750.38273989298,58049.25
2024-12-14 16:00:00,59858.4504613392,58856.5
2024-12-14 17:00:00,59883.26828816556,59558.25
2024-12-14 18:00:00,59407.07629708514,59389.5
2024-12-14 19:00:00,58822.063262782576,57669.75
2024-12-14 20:00:00,58756.91046221139,55505.25
2024-12-14 21:00:00,59153.26574412156,53435.75
2024-12-14 22:00:00,59354.72591073934,51615.25
2024-12-12 23:00:00,53868.60504209905,52978.5
2024-12-13 00:00:00,52343.41001463935,50054.25
2024-12-13 01:00:00,52131.866976310266,48317.5
2024-12-13 02:00:00,52788.85675765172,47228.5
2024-12-13 03:00:00,53546.874800015124,47878.25
2024-12-13 04:00:00,54228.62052992046,49032.25
2024-12-13 05:00:00,55259.05946385249,51984.25
2024-12-13 06:00:00,56800.384967668186,58702.5
2024-12-13 07:00:00,58316.01439412676,64460.0
2024-12-13 08:00:00,59209.09146389477,67656.25
2024-12-13 09:00:00,59583.20884053408,68408.25
2024-12-13 10:00:00,60004.9077425007,68764.5
2024-12-13 11:00:00,60631.288327364484,69165.25
2024-12-13 12:00:00,60990.53823800762,68861.25
2024-12-13 13:00:00,60718.55534982984,67102.0
2024-12-13 14:00:00,60142.75088482282,65556.0
2024-12-13 15:00:00,59848.70461642282,65022.5
2024-12-13 16:00:00,59877.46798101091,65716.75
2024-12-13 17:00:00,59734.49773413666,66147.5
2024-12-13 18:00:00,59178.32469100565,65092.25
2024-12-13 19:00:00,58612.505926727594,63162.25
2024-12-13 20:00:00,58510.13588994219,60393.25
2024-12-13 21:00:00,58734.390683094505,57279.25
2024-12-13 22:00:00,58757.284304554836,55253.0
2024-12-11 23:00:00,55196.3067300744,54300.25
2024-12-12 00:00:00,53543.05900856941,50663.0
2024-12-12 01:00:00,53288.56887411009,48535.75
2024-12-12 02:00:00,53901.18751801402,47883.5
2024-12-12 03:00:00,54560.217469531024,47906.75
2024-12-12 04:00:00,55111.75332685058,49237.25
2024-12-12 05:00:00,56017.89779115883,52512.0
2024-12-12 06:00:00,57421.78877402375,58913.25
2024-12-12 07:00:00,58738.75421455203,64572.25
2024-12-12 08:00:00,59377.664782652995,67631.75
2024-12-12 09:00:00,59514.96532035127,67949.0
2024-12-12 10:00:00,59776.3524637643,68865.0
2024-12-12 11:00:00,60302.8379994366,69393.75
2024-12-12 12:00:00,60575.36233557461,69112.75
2024-12-12 13:00:00,60234.18651719473,68554.75
2024-12-12 14:00:00,59661.70237626099,67521.25
2024-12-12 15:00:00,59465.68459250851,66708.75
2024-12-12 16:00:00,59634.07470911593,66959.0
2024-12-12 17:00:00,59606.64844349853,67570.5
2024-12-12 18:00:00,59142.103010535415,66850.5
2024-12-12 19:00:00,58691.28549576126,65325.25
2024-12-12 20:00:00,58735.073082221366,62363.25
2024-12-12 21:00:00,59078.98231528334,59150.25
2024-12-12 22:00:00,59145.9440879451,56334.5
2024-12-10 23:00:00,54005.78545812605,53304.5
2024-12-11 00:00:00,51724.40645063974,50332.5
2024-12-11 01:00:00,50929.56800056336,48651.25
2024-12-11 02:00:00,51273.783933860366,47753.25
2024-12-11 03:00:00,51924.63743164856,48249.0
2024-12-11 04:00:00,52587.79477801142,49356.25
2024-12-11 05:00:00,53678.8070418174,52922.0
2024-12-11 06:00:00,55438.03218372428,60280.0
2024-12-11 07:00:00,57333.60867776262,66168.0
2024-12-11 08:00:00,58643.95165995676,69010.5
2024-12-11 09:00:00,59353.7775879605,69650.5
2024-12-11 10:00:00,60044.479737551854,70223.75
2024-12-11 11:00:00,60956.523345663765,70494.75
2024-12-11 12:00:00,61613.33667838844,70052.25
2024-12-11 13:00:00,61544.1090772218,69279.25
2024-12-11 14:00:00,61015.025311182864,68410.25
2024-12-11 15:00:00,60683.420601558595,68350.5
2024-12-11 16:00:00,60692.79089531684,69092.25
2024-12-11 17:00:00,60541.98829346248,69662.25
2024-12-11 18:00:00,59901.89338705718,69051.75
2024-12-11 19:00:00,59157.095462390454,67335.5
2024-12-11 20:00:00,58876.67105154357,64387.5
2024-12-11 21:00:00,59009.05276475796,60967.0
2024-12-11 22:00:00,58990.38303468497,57894.75
2024-12-09 23:00:00,55967.520725315924,54962.0
2024-12-10 00:00:00,53390.062113879445,51767.0
2024-12-10 01:00:00,52020.01369072821,50284.75
2024-12-10 02:00:00,51855.89478907908,49335.75
2024-12-10 03:00:00,52296.86333044302,48718.0
2024-12-10 04:00:00,52872.937564539556,49602.75
2024-12-10 05:00:00,53712.705532944085,53035.25
2024-12-10 06:00:00,55097.96792704358,61037.5
2024-12-10 07:00:00,56804.59656868068,67248.5
2024-12-10 08:00:00,58223.19021878011,69719.75
2024-12-10 09:00:00,59080.93638243252,70520.0
2024-12-10 10:00:00,59699.90923764918,71340.75
2024-12-10 11:00:00,60423.948328912105,71462.5
2024-12-10 12:00:00,61070.80738454105,71999.25
2024-12-10 13:00:00,61208.49800458135,71504.0
2024-12-10 14:00:00,60825.24511738777,70290.0
2024-12-10 15:00:00,60391.46995813364,69481.5
2024-12-10 16:00:00,60225.58291424372,70117.5
2024-12-10 17:00:00,60100.96662530334,70718.0
2024-12-10 18:00:00,59659.65681931817,69970.75
2024-12-10 19:00:00,59003.066575185476,67990.75
2024-12-10 20:00:00,58584.296913397084,64471.0
2024-12-10 21:00:00,58572.22351131657,60750.5
2024-12-10 22:00:00,58632.01607452734,57233.75
2024-12-08 23:00:00,51000.36608668963,48937.75
2024-12-09 00:00:00,51190.17981114721,46530.5
2024-12-09 01:00:00,52191.63455194729,45194.5
2024-12-09 02:00:00,53949.473632740795,45283.5
2024-12-09 03:00:00,55833.13001298979,45880.75
2024-12-09 04:00:00,57303.52747064326,48187.0
2024-12-09 05:00:00,58460.274214554236,52379.75
2024-12-09 06:00:00,59682.83854640449,60386.25
2024-12-09 07:00:00,60918.54388226107,67348.25
2024-12-09 08:00:00,61674.65999933611,70567.75
2024-12-09 09:00:00,61712.61387116546,72063.75
2024-12-09 10:00:00,61404.31220408454,72438.0
2024-12-09 11:00:00,61221.80806755029,72592.25
2024-12-09 12:00:00,61114.449378156736,72566.5
2024-12-09 13:00:00,60680.89716285279,72937.5
2024-12-09 14:00:00,59859.322213086496,72041.5
2024-12-09 15:00:00,59102.20570261799,71300.5
2024-12-09 16:00:00,58779.66677541167,71675.5
2024-12-09 17:00:00,58697.48193632531,72329.25
2024-12-09 18:00:00,58435.14600525618,71535.25
2024-12-09 19:00:00,57992.73666838844,70519.0
2024-12-09 20:00:00,57790.64427213354,66930.75
2024-12-09 21:00:00,58035.639009887214,62781.25
2024-12-09 22:00:00,58400.264209447494,59215.25
2024-12-07 23:00:00,49299.71523504416,47215.75
2024-12-08 00:00:00,49400.37842457305,44522.75
2024-12-08 01:00:00,50579.235707230066,42557.0
2024-12-08 02:00:00,52569.99259546581,41499.25
2024-12-08 03:00:00,54582.656975349644,41132.5
2024-12-08 04:00:00,56150.52973952166,41392.75
2024-12-08 05:00:00,57528.34315715986,41631.0
2024-12-08 06:00:00,59080.16252200963,42423.25
2024-12-08 07:00:00,60580.90372081513,44543.5
2024-12-08 08:00:00,61457.243513526526,47765.0
2024-12-08 09:00:00,61591.15842566955,51131.25
2024-12-08 10:00:00,61488.489826183446,53185.5
2024-12-08 11:00:00,61567.41168684208,55216.5
2024-12-08 12:00:00,61615.78959768328,55883.0
2024-12-08 13:00:00,61198.2025947786,53960.0
2024-12-08 14:00:00,60386.94259346656,52852.75
2024-12-08 15:00:00,59730.662339469476,52964.5
2024-12-08 16:00:00,59515.573579620584,54665.0
2024-12-08 17:00:00,59412.143204403736,57200.5
2024-12-08 18:00:00,59015.37801886113,57947.75
2024-12-08 19:00:00,58468.58304098758,56859.5
2024-12-08 20:00:00,58255.72129724655,53995.0
2024-12-08 21:00:00,58485.475880928265,52071.0
2024-12-08 22:00:00,58729.36557605375,51286.25
2024-12-06 23:00:00,50855.36313488515,50517.0
2024-12-07 00:00:00,49274.38294385743,47812.25
2024-12-07 01:00:00,49543.25802729461,45776.0
2024-12-07 02:00:00,50797.54139806579,44713.5
2024-12-07 03:00:00,51936.16266405491,44613.0
2024-12-07 04:00:00,52936.52245042294,45308.5
2024-12-07 05:00:00,54534.091484811346,46142.0
2024-12-07 06:00:00,56805.896586329225,47450.0
2024-12-07 07:00:00,58795.189372872934,50710.25
2024-12-07 08:00:00,59733.72104488923,54601.75
2024-12-07 09:00:00,60037.62469123305,58339.75
2024-12-07 10:00:00,60603.9589806498,60391.0
2024-12-07 11:00:00,61462.27250371568,61311.75
2024-12-07 12:00:00,61772.353074973056,60420.75
2024-12-07 13:00:00,61140.680755945985,58552.0
2024-12-07 14:00:00,60278.15235618033,56899.75
2024-12-07 15:00:00,60023.17213158558,57051.5
2024-12-07 16:00:00,60186.75481730093,57898.0
2024-12-07 17:00:00,59922.851281752286,59486.75
2024-12-07 18:00:00,59051.39753120538,59466.0
2024-12-07 19:00:00,58362.35776752417,57201.5
2024-12-07 20:00:00,58464.11964540763,53573.0
2024-12-07 21:00:00,58899.899851903116,51263.25
2024-12-07 22:00:00,58837.89640094925,49962.0
2024-12-05 23:00:00,57262.226451649534,57316.75
2024-12-06 00:00:00,54717.63704714467,54171.25
2024-12-06 01:00:00,53581.03700680299,52450.0
2024-12-06 02:00:00,53465.490918349504,51276.5
2024-12-06 03:00:00,53481.91739631463,50857.25
2024-12-06 04:00:00,53432.7768485399,51368.25
2024-12-06 05:00:00,53911.00965271864,54024.0
2024-12-06 06:00:00,55207.874101957175,60835.0
2024-12-06 07:00:00,56690.068970149354,66179.75
2024-12-06 08:00:00,57573.388971299035,68839.0
2024-12-06 09:00:00,57933.179055772416,69313.5
2024-12-06 10:00:00,58461.49572348132,69904.75
2024-12-06 11:00:00,59358.00874026345,70102.75
2024-12-06 12:00:00,60008.423291559535,69749.5
2024-12-06 13:00:00,59903.55418732668,68249.25
2024-12-06 14:00:00,59409.147975185944,66477.25
2024-12-06 15:00:00,59245.6313975902,66270.5
2024-12-06 16:00:00,59465.83397407424,67262.5
2024-12-06 17:00:00,59443.851179235586,67324.75
2024-12-06 18:00:00,58864.43460083488,65813.25
2024-12-06 19:00:00,58226.80488249629,63942.0
2024-12-06 20:00:00,58126.692168571186,60483.75
2024-12-06 21:00:00,58401.172326716944,57186.5
2024-12-06 22:00:00,58401.573677242544,53846.25
2024-12-04 23:00:00,55631.02456865216,54616.0
2024-12-05 00:00:00,53736.78702393766,51329.75
2024-12-05 01:00:00,53173.002150595894,49545.5
2024-12-05 02:00:00,53502.491971358635,49587.25
2024-12-05 03:00:00,53877.19153286337,50032.25
2024-12-05 04:00:00,54138.78344560613,51193.25
2024-12-05 05:00:00,54855.99208448694,54189.75
2024-12-05 06:00:00,56276.848987888174,61557.0
2024-12-05 07:00:00,57776.36817079262,67518.25
2024-12-05 08:00:00,58623.22294652688,70373.75
2024-12-05 09:00:00,58925.38119877983,71485.25
2024-12-05 10:00:00,59361.687889708504,72614.5
2024-12-05 11:00:00,60114.16662730656,73019.25
2024-12-05 12:00:00,60586.36226588343,73065.75
2024-12-05 13:00:00,60307.146708583685,72372.25
2024-12-05 14:00:00,59661.45987313352,71172.5
2024-12-05 15:00:00,59363.29375876526,71065.25
2024-12-05 16:00:00,59458.768262424106,72224.5
2024-12-05 17:00:00,59330.69222385284,73442.25
2024-12-05 18:00:00,58677.765057886216,72647.0
2024-12-05 19:00:00,58004.37816833812,69872.0
2024-12-05 20:00:00,57901.93272174299,67358.0
2024-12-05 21:00:00,58198.782728069644,63823.0
2024-12-05 22:00:00,58236.13071966335,60559.25
2024-12-03 23:00:00,54009.26735137582,53404.75
2024-12-04 00:00:00,51818.078528278726,50602.0
2024-12-04 01:00:00,51070.14796264688,48725.25
2024-12-04 02:00:00,51413.167520865594,48173.5
2024-12-04 03:00:00,52014.47997847345,48190.5
2024-12-04 04:00:00,52603.616282847026,49586.75
2024-12-04 05:00:00,53611.410346099656,53336.75
2024-12-04 06:00:00,55262.43889343389,60919.75
2024-12-04 07:00:00,57012.49171416891,66657.25
2024-12-04 08:00:00,58166.10081987406,69486.75
2024-12-04 09:00:00,58742.34306046412,70012.75
2024-12-04 10:00:00,59313.891925954944,70482.75
2024-12-04 11:00:00,60086.42094922341,70713.0
2024-12-04 12:00:00,60589.63315484283,70376.5
2024-12-04 13:00:00,60407.861837265125,69207.5
2024-12-04 14:00:00,59835.68378943855,68223.0
2024-12-04 15:00:00,59487.411200701594,67838.0
2024-12-04 16:00:00,59456.72772329864,68933.75
2024-12-04 17:00:00,59267.111422518414,70325.0
2024-12-04 18:00:00,58655.5920066244,69691.25
2024-12-04 19:00:00,58008.18333284336,67974.25
2024-12-04 20:00:00,57814.89486016701,64831.25
2024-12-04 21:00:00,57974.05452816741,61190.75
2024-12-04 22:00:00,57973.52926670616,58337.25
2024-12-02 23:00:00,53041.69288245778,51814.75
2024-12-03 00:00:00,52364.73986735713,48741.75
2024-12-03 01:00:00,52609.049168657366,47494.5
2024-12-03 02:00:00,54092.003909496976,46814.75
2024-12-03 03:00:00,55853.16160224716,47006.0
2024-12-03 04:00:00,58362.24258237106,48875.5
2024-12-03 05:00:00,61005.20008114079,52385.0
2024-12-03 06:00:00,63911.01156884276,60782.5
2024-12-03 07:00:00,66660.0983750847,66664.0
2024-12-03 08:00:00,69234.58713569699,69619.75
2024-12-03 09:00:00,71355.98953262117,70115.75
2024-12-03 10:00:00,72979.57482403808,71280.5
2024-12-03 11:00:00,73953.72187151796,71264.0
2024-12-03 12:00:00,74275.05520869452,71495.25
2024-12-03 13:00:00,73910.34233690405,70712.0
2024-12-03 14:00:00,72924.62305101316,69154.0
2024-12-03 15:00:00,71384.17486618334,68067.75
2024-12-03 16:00:00,69416.75804463988,68386.25
2024-12-03 17:00:00,67154.99198501643,69617.25
2024-12-03 18:00:00,64760.90826780416,68583.25
2024-12-03 19:00:00,62390.4647015137,66757.5
2024-12-03 20:00:00,60200.74673941762,63789.75
2024-12-03 21:00:00,58327.229740928626,60299.0
2024-12-03 22:00:00,56884.43695019577,57077.75
2024-12-01 23:00:00,51535.99010979561,50423.0
2024-12-02 00:00:00,50352.5417563492,47812.25
2024-12-02 01:00:00,48794.54932173886,46092.25
2024-12-02 02:00:00,47800.25564230581,45559.75
2024-12-02 03:00:00,46929.33025443767,45856.0
2024-12-02 04:00:00,46615.2608019678,47207.5
2024-12-02 05:00:00,46567.26110219682,50824.25
2024-12-02 06:00:00,47009.92885907432,58349.0
2024-12-02 07:00:00,47721.68338492162,65301.5
2024-12-02 08:00:00,48786.09425428741,68666.0
2024-12-02 09:00:00,50015.23200239309,69990.0
2024-12-02 10:00:00,51406.66774692761,70447.25
2024-12-02 11:00:00,52798.94677013487,71269.25
2024-12-02 12:00:00,54150.37894187618,71171.5
2024-12-02 13:00:00,55333.56895162698,70128.5
2024-12-02 14:00:00,56305.328776360686,68266.5
2024-12-02 15:00:00,56983.543322880716,67613.0
2024-12-02 16:00:00,57349.685938426366,68234.75
2024-12-02 17:00:00,57373.66245238627,69219.25
2024-12-02 18:00:00,57074.05774996018,68194.0
2024-12-02 19:00:00,56470.5383308447,66431.5
2024-12-02 20:00:00,55617.492869156304,62576.0
2024-12-02 21:00:00,54572.32140813346,58995.5
2024-12-02 22:00:00,53412.67424401047,55376.25
2024-11-30 23:00:00,49239.66329615421,47838.0
2024-12-01 00:00:00,48091.218414802504,45483.0
2024-12-01 01:00:00,46698.15652550722,43568.25
2024-12-01 02:00:00,46044.1419658613,42348.5
2024-12-01 03:00:00,45402.102313533906,41878.5
2024-12-01 04:00:00,45391.00227118524,42292.5
2024-12-01 05:00:00,45541.80524527402,42578.25
2024-12-01 06:00:00,46186.053242257054,42625.0
2024-12-01 07:00:00,46994.43976330481,44291.0
2024-12-01 08:00:00,48116.35038018282,47957.75
2024-12-01 09:00:00,49304.011653592286,51982.25
2024-12-01 10:00:00,50601.3448741703,54717.0
2024-12-01 11:00:00,51819.94285069138,56742.25
2024-12-01 12:00:00,52955.9041742742,56429.25
2024-12-01 13:00:00,53876.28834832623,54858.5
2024-12-01 14:00:00,54570.86347359417,52916.75
2024-12-01 15:00:00,54963.629102185856,52464.75
2024-12-01 16:00:00,55063.65140580467,54539.5
2024-12-01 17:00:00,54850.320067338,57552.5
2024-12-01 18:00:00,54362.136006163324,58114.25
2024-12-01 19:00:00,53625.2537761647,57216.75
2024-12-01 20:00:00,52704.18599284134,55054.75
2024-12-01 21:00:00,51655.9967525602,53678.75
2024-12-01 22:00:00,50558.07956225412,52769.75
2024-11-29 23:00:00,53457.379281519265,52468.75
2024-11-30 00:00:00,52516.19194062675,48290.75
2024-11-30 01:00:00,52172.63469326314,46909.25
2024-11-30 02:00:00,52333.23034027022,45877.5
2024-11-30 03:00:00,52938.13573040495,45997.0
2024-11-30 04:00:00,53923.645035188834,45813.0
2024-11-30 05:00:00,55212.08851139812,46304.5
2024-11-30 06:00:00,56712.09853432914,47971.25
2024-11-30 07:00:00,58322.96472284773,50252.25
2024-11-30 08:00:00,59940.5805143899,54308.0
2024-11-30 09:00:00,61463.81917615512,58215.25
2024-11-30 10:00:00,62800.666313644346,60129.0
2024-11-30 11:00:00,63873.64167220609,59863.5
2024-11-30 12:00:00,64624.16189996618,58192.75
2024-11-30 13:00:00,65015.59408676878,55834.5
2024-11-30 14:00:00,65034.84687051529,53863.75
2024-11-30 15:00:00,64692.44454308314,54059.25
2024-11-30 16:00:00,64021.12681558227,55746.0
2024-11-30 17:00:00,63073.10780430467,57835.75
2024-11-30 18:00:00,61916.207296711655,58155.25
2024-11-30 19:00:00,60629.13099213396,57315.75
2024-11-30 20:00:00,59296.22076572422,54442.5
2024-11-30 21:00:00,58002.01893606089,52248.25
2024-11-30 22:00:00,56825.99127794231,50616.75
2024-11-28 23:00:00,54647.83324807846,52730.0
2024-11-29 00:00:00,54116.295221621185,49372.5
2024-11-29 01:00:00,54249.49948726699,47357.75
2024-11-29 02:00:00,54733.68181096262,46274.75
2024-11-29 03:00:00,55520.928359816266,46730.75
2024-11-29 04:00:00,56542.876763733475,48374.0
2024-11-29 05:00:00,57682.23970769434,51791.25
2024-11-29 06:00:00,58808.543092668966,59149.75
2024-11-29 07:00:00,59834.47629699941,64587.0
2024-11-29 08:00:00,60714.52755211624,67080.75
2024-11-29 09:00:00,61428.5728718753,67785.25
2024-11-29 10:00:00,61969.217270276415,68684.75
2024-11-29 11:00:00,62340.22254367808,69124.25
2024-11-29 12:00:00,62556.23998515406,67919.75
2024-11-29 13:00:00,62640.22746465296,66048.0
2024-11-29 14:00:00,62619.18209337218,64129.75
2024-11-29 15:00:00,62520.63437904411,63695.0
2024-11-29 16:00:00,62370.50674423481,64492.25
2024-11-29 17:00:00,62191.89868746794,65817.25
2024-11-29 18:00:00,62004.28179864341,65133.75
2024-11-29 19:00:00,61823.013130345105,63582.25
2024-11-29 20:00:00,61659.22284379827,60904.0
2024-11-29 21:00:00,61520.060696170454,58004.0
2024-11-29 22:00:00,61409.187179635446,55235.75
2024-11-27 23:00:00,57049.54969586038,55405.0
2024-11-28 00:00:00,55948.618627123,52302.5
2024-11-28 01:00:00,55611.88000177769,50331.75
2024-11-28 02:00:00,55787.88107081929,49803.5
2024-11-28 03:00:00,56278.36995977545,49910.25
2024-11-28 04:00:00,56933.6368269498,51345.5
2024-11-28 05:00:00,57645.97153737,53855.25
2024-11-28 06:00:00,58342.39938357317,61174.0
2024-11-28 07:00:00,58977.489631978715,66682.0
2024-11-28 08:00:00,59526.739067620045,69594.5
2024-11-28 09:00:00,59980.80895532283,70978.25
2024-11-28 10:00:00,60340.730490892165,72021.25
2024-11-28 11:00:00,60614.08105172341,72723.25
2024-11-28 12:00:00,60812.06137833611,71449.25
2024-11-28 13:00:00,60947.3628620026,70716.25
2024-11-28 14:00:00,61032.696104439645,69378.0
2024-11-28 15:00:00,61079.849883235685,68749.75
2024-11-28 16:00:00,61099.15797617207,69386.0
2024-11-28 17:00:00,61099.26561606423,69715.0
2024-11-28 18:00:00,61087.10444475479,68741.25
2024-11-28 19:00:00,61068.00244975346,66846.0
2024-11-28 20:00:00,61045.872018069465,63469.25
2024-11-28 21:00:00,61023.43405369667,59650.75
2024-11-28 22:00:00,61002.448654187174,56336.25
2024-11-26 23:00:00,53151.507335308,52467.75
2024-11-27 00:00:00,52578.0307736338,49764.5
2024-11-27 01:00:00,52935.84705777049,47761.75
2024-11-27 02:00:00,53448.502216496025,46510.0
2024-11-27 03:00:00,53914.58808440258,46681.0
2024-11-27 04:00:00,54338.33498827118,47647.75
2024-11-27 05:00:00,54723.588974504935,51027.75
2024-11-27 06:00:00,55073.84671693088,58665.25
2024-11-27 07:00:00,55392.28725359773,64387.25
2024-11-27 08:00:00,55681.80084062175,67145.75
2024-11-27 09:00:00,55945.015184966374,68234.25
2024-11-27 10:00:00,56184.31929425166,68939.0
2024-11-27 11:00:00,56401.88516006118,70041.25
2024-11-27 12:00:00,56599.68747155018,69901.75
2024-11-27 13:00:00,56779.52153828125,68259.0
2024-11-27 14:00:00,56943.01958496021,66904.5
2024-11-27 15:00:00,57091.66556596786,67353.0
2024-11-27 16:00:00,57226.80863414844,68526.5
2024-11-27 17:00:00,57349.67538610133,71110.5
2024-11-27 18:00:00,57461.3809951177,71539.0
2024-11-27 19:00:00,57562.93933280782,69809.0
2024-11-27 20:00:00,57655.27217128568,66239.0
2024-11-27 21:00:00,57739.21754943269,62817.25
2024-11-27 22:00:00,57815.537379174886,59220.5
2024-11-25 23:00:00,54860.069232663176,53215.0
2024-11-26 00:00:00,53909.3851015637,49577.25
2024-11-26 01:00:00,53711.85967966184,47171.0
2024-11-26 02:00:00,54000.26213978431,46334.5
2024-11-26 03:00:00,54571.575936202804,47221.25
2024-11-26 04:00:00,55278.04024968917,49010.5
2024-11-26 05:00:00,56017.42033032407,52138.5
2024-11-26 06:00:00,56723.52730964087,60272.0
2024-11-26 07:00:00,57357.604846463066,66549.75
2024-11-26 08:00:00,57900.902342963775,69731.25
2024-11-26 09:00:00,58348.544975858946,69967.75
2024-11-26 10:00:00,58704.67194724256,70379.0
2024-11-26 11:00:00,58978.7299713124,71186.75
2024-11-26 12:00:00,59182.76489502111,69955.75
2024-11-26 13:00:00,59329.53864168292,69313.5
2024-11-26 14:00:00,59431.301842669716,67551.0
2024-11-26 15:00:00,59499.06723048146,67127.0
2024-11-26 16:00:00,59542.2496584822,67370.5
2024-11-26 17:00:00,59568.56163629949,68978.0
2024-11-26 18:00:00,59584.07595693353,67341.0
2024-11-26 19:00:00,59593.3877665154,65984.75
2024-11-26 20:00:00,59599.826451921705,62976.75
2024-11-26 21:00:00,59605.68267890464,59274.25
2024-11-26 22:00:00,59612.42783708135,55337.25
2024-11-24 23:00:00,52256.26969033339,50495.0
2024-11-25 00:00:00,51968.88933782282,48303.75
2024-11-25 01:00:00,51914.78025704568,46423.25
2024-11-25 02:00:00,52004.742222463654,45649.75
2024-11-25 03:00:00,52174.094938753515,45805.0
2024-11-25 04:00:00,52377.68654875754,47700.75
2024-11-25 05:00:00,52585.555958392506,52010.0
2024-11-25 06:00:00,52779.190647845106,60485.25
2024-11-25 07:00:00,52948.40620276765,66689.75
2024-11-25 08:00:00,53088.83271678335,70423.0
2024-11-25 09:00:00,53199.956188633085,71474.25
2024-11-25 10:00:00,53283.64248582326,72006.0
2024-11-25 11:00:00,53343.06406946805,71087.25
2024-11-25 12:00:00,53381.95108587034,69786.25
2024-11-25 13:00:00,53404.095108098656,69811.75
2024-11-25 14:00:00,53413.04319579777,68636.0
2024-11-25 15:00:00,53411.93027373583,67307.25
2024-11-25 16:00:00,53403.40796927285,67748.25
2024-11-25 17:00:00,53389.63731802439,70248.0
2024-11-25 18:00:00,53372.320798432476,69659.25
2024-11-25 19:00:00,53352.75586948145,67403.0
2024-11-25 20:00:00,53331.897587818225,64495.75
2024-11-25 21:00:00,53310.4220845724,60446.25
2024-11-25 22:00:00,53288.78584620402,56902.0
2024-11-23 23:00:00,52893.96889905063,51683.25
2024-11-24 00:00:00,51473.2969876567,48191.0
2024-11-24 01:00:00,50347.03804860821,46053.75
2024-11-24 02:00:00,49641.83864557275,44708.5
2024-11-24 03:00:00,49415.96930273815,44387.5
2024-11-24 04:00:00,49646.16709395052,44388.0
2024-11-24 05:00:00,50323.63182275201,44608.0
2024-11-24 06:00:00,51377.109471980395,45098.0
2024-11-24 07:00:00,52743.57945714755,46684.25
2024-11-24 08:00:00,54318.04074292504,49593.25
2024-11-24 09:00:00,56006.299424091085,53348.5
2024-11-24 10:00:00,57692.80249569111,56263.0
2024-11-24 11:00:00,59279.91366017421,57891.25
2024-11-24 12:00:00,60667.07346988269,57791.25
2024-11-24 13:00:00,61779.12394642056,56356.25
2024-11-24 14:00:00,62551.775551129365,54944.0
2024-11-24 15:00:00,62950.653644009995,54054.75
2024-11-24 16:00:00,62959.648202761164,56303.0
2024-11-24 17:00:00,62592.129820809576,59764.0
2024-11-24 18:00:00,61880.23470909296,60141.5
2024-11-24 19:00:00,60879.84573530262,58674.25
2024-11-24 20:00:00,59660.13032886184,56076.25
2024-11-24 21:00:00,58304.13297030497,54063.25
2024-11-24 22:00:00,56898.82422776122,52897.5
2024-11-22 23:00:00,55715.8600439829,53705.5
2024-11-23 00:00:00,55446.18180291138,50557.5
2024-11-23 01:00:00,55762.127317916,48724.25
2024-11-23 02:00:00,56422.773927011694,47213.25
2024-11-23 03:00:00,57248.79628053742,46996.0
2024-11-23 04:00:00,58113.92532198112,46826.25
2024-11-23 05:00:00,58935.363418667024,47194.75
2024-11-23 06:00:00,59664.298122311055,48278.5
2024-11-23 07:00:00,60277.22794942755,50934.5
2024-11-23 08:00:00,60768.486326503065,54261.25
2024-11-23 09:00:00,61144.11275329533,58017.0
2024-11-23 10:00:00,61417.058793966346,59892.25
2024-11-23 11:00:00,61603.61557446946,60765.0
2024-11-23 12:00:00,61720.894708742635,60297.0
2024-11-23 13:00:00,61785.173296136425,58896.75
2024-11-23 14:00:00,61810.91516570384,57140.25
2024-11-23 15:00:00,61810.29635580485,56458.75
2024-11-23 16:00:00,61793.08639446289,58678.75
2024-11-23 17:00:00,61766.763560539985,61384.5
2024-11-23 18:00:00,61736.76873439657,62135.5
2024-11-23 19:00:00,61706.82666904351,60365.25
2024-11-23 20:00:00,61679.28442799372,58209.75
2024-11-23 21:00:00,61655.433910535554,56125.25
2024-11-23 22:00:00,61635.79884095927,54500.75
2024-11-21 23:00:00,54828.7186405645,53153.0
2024-11-22 00:00:00,53983.61821240282,50295.5
2024-11-22 01:00:00,53945.76966922966,48785.25
2024-11-22 02:00:00,54438.32504348268,48091.5
2024-11-22 03:00:00,55242.90434628669,48335.5
2024-11-22 04:00:00,56194.74600830438,49398.75
2024-11-22 05:00:00,57175.75651910223,52254.25
2024-11-22 06:00:00,58106.676667932225,59679.0
2024-11-22 07:00:00,58939.22253301656,65874.0
2024-11-22 08:00:00,59648.76400759358,69353.0
2024-11-22 09:00:00,60227.87088660634,70502.5
2024-11-22 10:00:00,60680.881103684966,70437.25
2024-11-22 11:00:00,61019.52012082103,71651.5
2024-11-22 12:00:00,61259.51632667052,71424.0
2024-11-22 13:00:00,61418.106176767724,70040.75
2024-11-22 14:00:00,61512.29687942358,69260.5
2024-11-22 15:00:00,61557.74679940795,69121.5
2024-11-22 16:00:00,61568.12861994899,69641.75
2024-11-22 17:00:00,61554.85300066638,70539.0
2024-11-22 18:00:00,61527.04738894763,69483.5
2024-11-22 19:00:00,61491.70312998469,66609.75
2024-11-22 20:00:00,61453.92222999753,62826.0
2024-11-22 21:00:00,61417.211870759755,59268.25
2024-11-22 22:00:00,61383.78937853397,56879.5
2024-11-20 23:00:00,55018.33217171949,53546.75
2024-11-21 00:00:00,54091.07268135629,51466.25
2024-11-21 01:00:00,53913.298290959254,49939.25
2024-11-21 02:00:00,54195.545042288555,49071.25
2024-11-21 03:00:00,54735.09369556302,48988.0
2024-11-21 04:00:00,55394.126531567104,50664.0
2024-11-21 05:00:00,56082.497643138006,53795.25
2024-11-21 06:00:00,56744.367741463015,61262.5
2024-11-21 07:00:00,57348.00777195749,67050.0
2024-11-21 08:00:00,57878.15205388034,70096.25
2024-11-21 09:00:00,58330.36704321216,71266.25
2024-11-21 10:00:00,58706.98710517468,72285.25
2024-11-21 11:00:00,59014.24845140806,72734.0
2024-11-21 12:00:00,59260.32375623538,73191.0
2024-11-21 13:00:00,59454.021724351136,71054.25
2024-11-21 14:00:00,59603.96793956927,69595.25
2024-11-21 15:00:00,59718.126242574304,68261.5
2024-11-21 16:00:00,59803.554586108825,68814.0
2024-11-21 17:00:00,59866.31687614435,70128.0
2024-11-21 18:00:00,59911.49382933302,69661.0
2024-11-21 19:00:00,59943.25240660901,67630.5
2024-11-21 20:00:00,59964.94586599768,64173.5
2024-11-21 21:00:00,59979.22573966113,60341.25
2024-11-21 22:00:00,59988.15378109668,56817.5
2024-11-19 23:00:00,54588.90098775907,52660.0
2024-11-20 00:00:00,53551.302027226164,49939.0
2024-11-20 01:00:00,53215.69140504395,47634.25
2024-11-20 02:00:00,53177.704613099384,47256.25
2024-11-20 03:00:00,53224.53970404959,47997.25
2024-11-20 04:00:00,53272.68258545385,49102.5
2024-11-20 05:00:00,53302.04040094551,52196.25
2024-11-20 06:00:00,53315.353162067135,58765.75
2024-11-20 07:00:00,53319.62592219662,63806.0
2024-11-20 08:00:00,53320.08545471982,67229.75
2024-11-20 09:00:00,53319.46900093486,68222.5
2024-11-20 10:00:00,53318.84481636927,68852.0
2024-11-20 11:00:00,53318.46634709796,71101.25
2024-11-20 12:00:00,53318.29555533111,71199.5
2024-11-20 13:00:00,53318.24116888011,70144.75
2024-11-20 14:00:00,53318.23563333757,67800.75
2024-11-20 15:00:00,53318.24374277097,68667.25
2024-11-20 16:00:00,53318.25183446227,69148.5
2024-11-20 17:00:00,53318.25671314597,70720.75
2024-11-20 18:00:00,53318.258904061404,70351.0
2024-11-20 19:00:00,53318.259596179516,68082.25
2024-11-20 20:00:00,53318.25966253879,63811.5
2024-11-20 21:00:00,53318.25955591567,60493.75
2024-11-20 22:00:00,53318.25945103109,57098.5
2024-11-18 23:00:00,54232.587879988,52829.0
2024-11-19 00:00:00,52893.57968268282,49459.75
2024-11-19 01:00:00,52370.360395316166,47626.0
2024-11-19 02:00:00,52356.59787382513,46589.25
2024-11-19 03:00:00,52642.004677451114,46629.25
2024-11-19 04:00:00,53085.29159937753,47759.0
2024-11-19 05:00:00,53594.14431078275,51345.25
2024-11-19 06:00:00,54110.527220257805,59631.25
2024-11-19 07:00:00,54599.998317027224,65482.5
2024-11-19 08:00:00,55044.02093326852,68306.5
2024-11-19 09:00:00,55434.49681633293,69041.75
2024-11-19 10:00:00,55769.93158459638,69993.75
2024-11-19 11:00:00,56052.78868257024,71951.0
2024-11-19 12:00:00,56287.69981050554,71420.0
2024-11-19 13:00:00,56480.28544709509,70274.75
2024-11-19 14:00:00,56636.40418045542,68705.25
2024-11-19 15:00:00,56761.69867861652,68367.75
2024-11-19 16:00:00,56861.34290954169,69013.5
2024-11-19 17:00:00,56939.92254404531,70061.0
2024-11-19 18:00:00,57001.40060396243,69222.75
2024-11-19 19:00:00,57049.13511300715,67425.75
2024-11-19 20:00:00,57085.926129444604,64135.0
2024-11-19 21:00:00,57114.07713177227,60578.75
2024-11-19 22:00:00,57135.461086052426,56866.0
2024-11-17 23:00:00,51824.90837578266,49975.0
2024-11-18 00:00:00,51486.02664871584,47169.25
2024-11-18 01:00:00,51402.26272868882,45927.5
2024-11-18 02:00:00,51477.906191897826,45719.0
2024-11-18 03:00:00,51644.09999748214,45496.25
2024-11-18 04:00:00,51853.013380650074,47446.25
2024-11-18 05:00:00,52072.84879269003,51276.75
2024-11-18 06:00:00,52283.70382362284,59307.0
2024-11-18 07:00:00,52474.24022104269,65123.0
2024-11-18 08:00:00,52639.07410193204,68396.25
2024-11-18 09:00:00,52776.784659712146,70328.0
2024-11-18 10:00:00,52888.435829864815,71701.25
2024-11-18 11:00:00,52976.51113521576,72333.0
2024-11-18 12:00:00,53044.17245428455,72347.0
2024-11-18 13:00:00,53094.76610048612,71564.5
2024-11-18 14:00:00,53131.51262654277,70210.75
2024-11-18 15:00:00,53157.32910346835,68940.5
2024-11-18 16:00:00,53174.74366985255,68970.75
2024-11-18 17:00:00,53185.87163685625,70969.25
2024-11-18 18:00:00,53192.43031619227,69348.25
2024-11-18 19:00:00,53195.77609537996,67380.0
2024-11-18 20:00:00,53196.952274512936,64358.0
2024-11-18 21:00:00,53196.73999329797,60760.25
2024-11-18 22:00:00,53195.70741464824,56826.0
2024-11-16 23:00:00,48794.25125307401,47353.0
2024-11-17 00:00:00,47704.239672592645,44545.5
2024-11-17 01:00:00,46821.947391481335,43078.25
2024-11-17 02:00:00,46324.26888927466,41570.75
2024-11-17 03:00:00,46231.10174158207,41859.75
2024-11-17 04:00:00,46536.858879359126,41964.75
2024-11-17 05:00:00,47211.526582223385,41890.25
2024-11-17 06:00:00,48203.19809878619,42653.25
2024-11-17 07:00:00,49441.885438412784,44874.25
2024-11-17 08:00:00,50844.33864315601,48564.25
2024-11-17 09:00:00,52319.54734485664,52313.5
2024-11-17 10:00:00,53774.56647469098,55250.25
2024-11-17 11:00:00,55120.2980465531,57604.5
2024-11-17 12:00:00,56276.87395060021,57937.0
2024-11-17 13:00:00,57178.3192240184,57607.75
2024-11-17 14:00:00,57776.22858212783,56491.75
2024-11-17 15:00:00,58042.25728273371,55838.5
2024-11-17 16:00:00,57969.306032545814,56754.75
2024-11-17 17:00:00,57571.36349096868,59504.75
2024-11-17 18:00:00,56882.05367077139,60300.25
2024-11-17 19:00:00,55952.01401932957,58392.75
2024-11-17 20:00:00,54845.29849913098,55980.0
2024-11-17 21:00:00,53635.05462730753,53854.0
2024-11-17 22:00:00,52398.76120302685,52548.0
2024-11-15 23:00:00,53347.77547752723,51683.5
2024-11-16 00:00:00,52710.38682766078,48920.25
2024-11-16 01:00:00,52815.7745902349,47153.25
2024-11-16 02:00:00,53367.38883824831,46392.75
2024-11-16 03:00:00,54147.791467286326,45983.5
2024-11-16 04:00:00,55005.467294142,46149.75
2024-11-16 05:00:00,55841.44665917636,46894.0
2024-11-16 06:00:00,56596.888860082574,48483.75
2024-11-16 07:00:00,57242.25270062153,50342.0
2024-11-16 08:00:00,57768.30986123623,53498.25
2024-11-16 09:00:00,58179.00937090688,56718.25
2024-11-16 10:00:00,58486.04932594468,59311.5
2024-11-16 11:00:00,58704.93044304381,60249.0
2024-11-16 12:00:00,58852.23424100663,59756.5
2024-11-16 13:00:00,58943.86987532121,58320.0
2024-11-16 14:00:00,58994.054996067905,56637.25
2024-11-16 15:00:00,59014.82794332743,55912.25
2024-11-16 16:00:00,59015.9244554658,56803.75
2024-11-16 17:00:00,59004.88743998674,59295.0
2024-11-16 18:00:00,58987.31058700699,58905.75
2024-11-16 19:00:00,58967.14431818312,56658.25
2024-11-16 20:00:00,58947.01528164474,54179.0
2024-11-16 21:00:00,58928.52843573874,51751.75
2024-11-16 22:00:00,58912.534171280866,50150.25
2024-11-14 23:00:00,53218.922864814085,51707.5
2024-11-15 00:00:00,52485.5617254061,48476.5
2024-11-15 01:00:00,52487.31130185133,46355.25
2024-11-15 02:00:00,52995.75407635548,44976.0
2024-11-15 03:00:00,53819.31197995217,45076.75
2024-11-15 04:00:00,54804.6980261044,46844.5
2024-11-15 05:00:00,55835.34023180647,50339.0
2024-11-15 06:00:00,56827.824194021254,57230.0
2024-11-15 07:00:00,57727.20906300099,63427.0
2024-11-15 08:00:00,58501.88201842007,66416.0
2024-11-15 09:00:00,59138.44085302558,67058.0
2024-11-15 10:00:00,59636.94032278872,67922.75
2024-11-15 11:00:00,60006.70919805886,68732.5
2024-11-15 12:00:00,60262.842276950934,67998.5
2024-11-15 13:00:00,60423.39381916892,66542.0
2024-11-15 14:00:00,60507.24343778508,65091.75
2024-11-15 15:00:00,60532.56922664082,64293.0
2024-11-15 16:00:00,60515.842291514375,64851.75
2024-11-15 17:00:00,60471.24842052872,66662.75
2024-11-15 18:00:00,60410.443159242204,66404.5
2024-11-15 19:00:00,60342.55322932379,64478.0
2024-11-15 20:00:00,60274.34768960549,61262.25
2024-11-15 21:00:00,60210.5146047705,58175.0
2024-11-15 22:00:00,60153.99183563138,55114.75
2024-11-13 23:00:00,54753.58012891331,53281.25
2024-11-14 00:00:00,53540.850080050615,50027.75
2024-11-14 01:00:00,53217.14733488644,48242.0
2024-11-14 02:00:00,53487.86972928855,47349.75
2024-11-14 03:00:00,54121.4646278827,47429.25
2024-11-14 04:00:00,54943.3402653778,48740.0
2024-11-14 05:00:00,55827.90944234161,52337.75
2024-11-14 06:00:00,56689.99740462754,59830.25
2024-11-14 07:00:00,57476.450830000766,65887.0
2024-11-14 08:00:00,58158.47160896454,69150.5
2024-11-14 09:00:00,58724.9605967122,69839.25
2024-11-14 10:00:00,59176.98296344431,71042.5
2024-11-14 11:00:00,59523.347293164145,71576.0
2024-11-14 12:00:00,59777.21434035919,70650.25
2024-11-14 13:00:00,59953.608315839214,69411.25
2024-11-14 14:00:00,60067.684931396856,67795.75
2024-11-14 15:00:00,60133.60879605102,66733.25
2024-11-14 16:00:00,60163.90216622701,66799.75
2024-11-14 17:00:00,60169.14289450341,68247.25
2024-11-14 18:00:00,60157.908274292284,67684.25
2024-11-14 19:00:00,60136.88092761343,65955.25
2024-11-14 20:00:00,60111.0513363079,62717.5
2024-11-14 21:00:00,60083.96811995927,58747.5
2024-11-14 22:00:00,60058.00124187725,55178.75
2024-11-12 23:00:00,52870.52488003279,51976.5
2024-11-13 00:00:00,50689.83420516273,48749.75
2024-11-13 01:00:00,49113.45975506278,47324.0
2024-11-13 02:00:00,48105.28869775039,46301.0
2024-11-13 03:00:00,47630.94066157499,46884.5
2024-11-13 04:00:00,47632.87844923951,48211.5
2024-11-13 05:00:00,48028.0351968848,51858.0
2024-11-13 06:00:00,48717.79035931509,59712.5
2024-11-13 07:00:00,49600.90296512382,65083.0
2024-11-13 08:00:00,50582.747562477125,67382.75
2024-11-13 09:00:00,51580.55912949551,68351.5
2024-11-13 10:00:00,52526.17472784862,69663.75
2024-11-13 11:00:00,53367.42209425034,70688.25
2024-11-13 12:00:00,54068.495308428144,70937.0
2024-11-13 13:00:00,54609.33621675918,70369.75
2024-11-13 14:00:00,54984.1003744922,69613.75
2024-11-13 15:00:00,55198.93169714341,69114.75
2024-11-13 16:00:00,55269.33532829332,68951.0
2024-11-13 17:00:00,55217.41890625575,70687.25
2024-11-13 18:00:00,55069.21724701697,70243.25
2024-11-13 19:00:00,54852.259316649644,68603.0
2024-11-13 20:00:00,54593.48853904222,65065.75
2024-11-13 21:00:00,54317.60550309353,61349.0
2024-11-13 22:00:00,54045.86350167665,57215.5
2024-11-11 23:00:00,53565.388855838755,52356.75
2024-11-12 00:00:00,51307.36914043901,49161.0
2024-11-12 01:00:00,49614.37290767391,47792.0
2024-11-12 02:00:00,48456.52709743896,46709.75
2024-11-12 03:00:00,47820.307687622466,47318.0
2024-11-12 04:00:00,47670.55487710665,48355.5
2024-11-12 05:00:00,47937.00994514278,51609.0
2024-11-12 06:00:00,48526.049185211465,59003.25
2024-11-12 07:00:00,49337.04730633125,64214.0
2024-11-12 08:00:00,50273.93747968064,66523.75
2024-11-12 09:00:00,51251.14926160475,67489.75
2024-11-12 10:00:00,52196.55149769431,68525.75
2024-11-12 11:00:00,53053.176363584425,69389.75
2024-11-12 12:00:00,53780.125309536335,69258.0
2024-11-12 13:00:00,54352.4837177328,68617.5
2024-11-12 14:00:00,54760.1821183173,67236.25
2024-11-12 15:00:00,55005.99801089153,66374.25
2024-11-12 16:00:00,55103.01855382971,66345.5
2024-11-12 17:00:00,55071.87266909811,68258.75
2024-11-12 18:00:00,54937.975166911245,68016.0
2024-11-12 19:00:00,54728.96178619756,66501.75
2024-11-12 20:00:00,54472.444887680205,62892.5
2024-11-12 21:00:00,54194.17786901019,59154.25
2024-11-12 22:00:00,53916.67631060809,55689.75
2024-11-10 23:00:00,47765.41471649187,46115.0
2024-11-11 00:00:00,47417.93247148763,43559.25
2024-11-11 01:00:00,47557.791498352875,42184.5
2024-11-11 02:00:00,48060.91561556184,42075.5
2024-11-11 03:00:00,48822.4095644104,42903.5
2024-11-11 04:00:00,49747.19671514067,45019.75
2024-11-11 05:00:00,50746.680078563004,49273.0
2024-11-11 06:00:00,51740.26114658357,58879.5
2024-11-11 07:00:00,52660.52507891167,64954.25
2024-11-11 08:00:00,53456.98369841484,67897.75
2024-11-11 09:00:00,54097.11774424983,68901.0
2024-11-11 10:00:00,54565.27954367582,70044.75
2024-11-11 11:00:00,54860.48460016932,70023.0
2024-11-11 12:00:00,54993.71700635474,70128.75
2024-11-11 13:00:00,54985.02198924615,69705.75
2024-11-11 14:00:00,54860.538285179675,68046.25
2024-11-11 15:00:00,54649.633161350124,67391.5
2024-11-11 16:00:00,54382.31225397472,67187.75
2024-11-11 17:00:00,54087.04438987249,68414.5
2024-11-11 18:00:00,53789.08475437986,68280.0
2024-11-11 19:00:00,53509.323313137225,66735.5
2024-11-11 20:00:00,53263.64108347649,63867.5
2024-11-11 21:00:00,53062.725309745016,60002.5
2024-11-11 22:00:00,52912.27311068402,56470.25
2024-11-09 23:00:00,46708.84557206014,44832.25
2024-11-10 00:00:00,46644.55915056761,42203.5
2024-11-10 01:00:00,47021.616720965765,40342.5
2024-11-10 02:00:00,47726.18891296439,39292.5
2024-11-10 03:00:00,48672.6475133646,39182.0
2024-11-10 04:00:00,49767.255602503225,39492.0
2024-11-10 05:00:00,50910.00394335425,39665.75
2024-11-10 06:00:00,52010.07882017928,40232.0
2024-11-10 07:00:00,52996.55673614497,42478.5
2024-11-10 08:00:00,53821.1786727518,45744.25
2024-11-10 09:00:00,54456.6784994596,49214.5
2024-11-10 10:00:00,54893.89445000262,51763.5
2024-11-10 11:00:00,55138.79734663544,53945.75
2024-11-10 12:00:00,55209.41459212447,53543.5
2024-11-10 13:00:00,55132.53152204558,52294.0
2024-11-10 14:00:00,54940.30148719451,51423.0
2024-11-10 15:00:00,54667.035759844104,51395.0
2024-11-10 16:00:00,54346.414309146785,52683.75
2024-11-10 17:00:00,54009.25873841499,55591.0
2024-11-10 18:00:00,53681.9189972809,55942.25
2024-11-10 19:00:00,53385.26648503187,54703.75
2024-11-10 20:00:00,53134.24856065523,52246.0
2024-11-10 21:00:00,52937.93265900306,50294.25
2024-11-10 22:00:00,52799.948802122446,48702.5
2024-11-08 23:00:00,50188.69408345956,49152.75
2024-11-09 00:00:00,48783.68265305018,46069.5
2024-11-09 01:00:00,48003.009281293,43506.75
2024-11-09 02:00:00,47769.86385370352,42340.25
2024-11-09 03:00:00,47986.02572751342,42024.75
2024-11-09 04:00:00,48538.75979753196,42087.0
2024-11-09 05:00:00,49313.58965633592,42831.75
2024-11-09 06:00:00,50204.307893502286,44636.75
2024-11-09 07:00:00,51119.32887969099,47280.25
2024-11-09 08:00:00,51985.266644920885,51043.5
2024-11-09 09:00:00,52748.379779781455,54085.0
2024-11-09 10:00:00,53374.27949148727,55916.0
2024-11-09 11:00:00,53846.27564327101,57039.0
2024-11-09 12:00:00,54162.76615184403,56685.75
2024-11-09 13:00:00,54334.07037914421,55897.25
2024-11-09 14:00:00,54379.0644092446,54004.5
2024-11-09 15:00:00,54321.912435341656,53761.75
2024-11-09 16:00:00,54189.11666517623,54291.25
2024-11-09 17:00:00,54007.03585239937,56863.0
2024-11-09 18:00:00,53799.95501047498,56724.75
2024-11-09 19:00:00,53588.729893065676,54770.25
2024-11-09 20:00:00,53389.981922960156,51770.75
2024-11-09 21:00:00,53215.78358499885,49076.0
2024-11-09 22:00:00,53073.750864013506,47424.75
2024-11-07 23:00:00,52101.03564113425,51092.0
2024-11-08 00:00:00,49923.87631822821,47915.0
2024-11-08 01:00:00,48399.116059623324,46076.25
2024-11-08 02:00:00,47454.76945270752,45042.75
2024-11-08 03:00:00,47038.55925733782,45093.25
2024-11-08 04:00:00,47074.47698884856,46748.75
2024-11-08 05:00:00,47472.27741803699,50205.25
2024-11-08 06:00:00,48136.04017979736,57653.75
2024-11-08 07:00:00,48971.430399224264,63224.75
2024-11-08 08:00:00,49891.44534410868,66364.75
2024-11-08 09:00:00,50820.57271674051,67556.25
2024-11-08 10:00:00,51697.402617819185,68261.75
2024-11-08 11:00:00,52475.82629331718,68655.25
2024-11-08 12:00:00,53125.01959439089,68157.0
2024-11-08 13:00:00,53628.448587751394,66843.5
2024-11-08 14:00:00,53982.1513366758,64951.0
2024-11-08 15:00:00,54192.54692553825,63843.25
2024-11-08 16:00:00,54274.004311183206,64059.0
2024-11-08 17:00:00,54246.37376243374,65643.75
2024-11-08 18:00:00,54132.64661288749,64715.0
2024-11-08 19:00:00,53956.86858228524,62508.5
2024-11-08 20:00:00,53742.3912836306,58857.75
2024-11-08 21:00:00,53510.50836803905,55185.0
2024-11-08 22:00:00,53279.48903570871,52290.5
2024-11-06 23:00:00,51306.7867437227,50340.5
2024-11-07 00:00:00,49047.17551651489,47701.75
2024-11-07 01:00:00,47516.189255572084,45990.0
2024-11-07 02:00:00,46614.73852503052,45412.0
2024-11-07 03:00:00,46282.53498400615,45630.0
2024-11-07 04:00:00,46433.60822268406,46829.25
2024-11-07 05:00:00,46966.76045352501,50327.0
2024-11-07 06:00:00,47775.03673416111,57850.75
2024-11-07 07:00:00,48753.77996529511,63351.25
2024-11-07 08:00:00,49807.01351897754,66863.25
2024-11-07 09:00:00,50852.051895045464,68194.75
2024-11-07 10:00:00,51822.37405225504,69179.75
2024-11-07 11:00:00,52668.90067459586,69527.75
2024-11-07 12:00:00,53359.893891977925,68969.5
2024-11-07 13:00:00,53879.74639480459,68118.25
2024-11-07 14:00:00,54226.9487614853,66834.0
2024-11-07 15:00:00,54411.52274874216,66027.25
2024-11-07 16:00:00,54452.188684439476,65535.75
2024-11-07 17:00:00,54373.50173387954,67189.0
2024-11-07 18:00:00,54203.149457492735,66993.75
2024-11-07 19:00:00,53969.55619769137,65290.75
2024-11-07 20:00:00,53699.892334767705,61497.75
2024-11-07 21:00:00,53418.54154672255,58059.75
2024-11-07 22:00:00,53146.03933061472,54807.75
2024-11-05 23:00:00,50461.48645890178,49896.25
2024-11-06 00:00:00,48257.87897755195,47141.75
2024-11-06 01:00:00,46805.13606648558,45645.5
2024-11-06 02:00:00,46004.812361606324,44995.0
2024-11-06 03:00:00,45790.088660050744,45232.5
2024-11-06 04:00:00,46067.57412651013,46791.75
2024-11-06 05:00:00,46728.38665150081,50180.75
2024-11-06 06:00:00,47658.22437985869,57625.5
2024-11-06 07:00:00,48745.94561227981,62856.5
2024-11-06 08:00:00,49890.36199086889,66546.75
2024-11-06 09:00:00,51005.122664343755,68064.0
2024-11-06 10:00:00,52021.7162688678,68901.5
2024-11-06 11:00:00,52890.73750726227,69681.5
2024-11-06 12:00:00,53581.653270315954,69153.0
2024-11-06 13:00:00,54081.35961220071,68558.5
2024-11-06 14:00:00,54391.84757140042,67237.25
2024-11-06 15:00:00,54527.296505965365,65894.75
2024-11-06 16:00:00,54510.89302171599,65353.0
2024-11-06 17:00:00,54371.636989492115,66634.5
2024-11-06 18:00:00,54141.34893936077,66169.75
2024-11-06 19:00:00,53852.04037110246,64218.5
2024-11-06 20:00:00,53533.75474942868,60915.5
2024-11-06 21:00:00,53212.93591473937,57642.5
2024-11-06 22:00:00,52911.335219676475,54232.25
2024-11-04 23:00:00,49593.26322775759,49127.0
2024-11-05 00:00:00,47081.439459904796,46384.0
2024-11-05 01:00:00,45529.4502004262,44614.75
2024-11-05 02:00:00,44719.0784308992,43795.5
2024-11-05 03:00:00,44572.388008276524,44359.25
2024-11-05 04:00:00,44981.08862886777,46001.0
2024-11-05 05:00:00,45819.15053692646,49213.5
2024-11-05 06:00:00,46954.35708333456,56749.75
2024-11-05 07:00:00,48258.214382523234,62044.5
2024-11-05 08:00:00,49613.85008681401,65638.25
2024-11-05 09:00:00,50921.73273517894,66423.0
2024-11-05 10:00:00,52103.21832214967,67478.25
2024-11-05 11:00:00,53102.0743138612,68402.0
2024-11-05 12:00:00,53884.239368484356,68081.75
2024-11-05 13:00:00,54436.148624203735,66553.0
2024-11-05 14:00:00,54761.99130823529,64272.5
2024-11-05 15:00:00,54880.27331292046,63123.5
2024-11-05 16:00:00,54820.037401351525,62395.25
2024-11-05 17:00:00,54617.05377985777,65208.25
2024-11-05 18:00:00,54310.24011550746,65118.5
2024-11-05 19:00:00,53938.50870182758,63330.75
2024-11-05 20:00:00,53538.17484695189,60307.25
2024-11-05 21:00:00,53140.99931569415,57005.0
2024-11-05 22:00:00,52772.88245646036,53447.75
2024-11-03 23:00:00,46583.74499206905,44413.5
2024-11-04 00:00:00,46617.005334665686,41779.25
2024-11-04 01:00:00,47084.4694106484,40239.25
2024-11-04 02:00:00,47867.361818440484,39820.25
2024-11-04 03:00:00,48854.56690856378,40180.25
2024-11-04 04:00:00,49935.966314500976,41933.5
2024-11-04 05:00:00,51011.86072081555,46330.0
2024-11-04 06:00:00,52001.49321780424,54914.25
2024-11-04 07:00:00,52846.3492025314,61039.0
2024-11-04 08:00:00,53510.093518098256,64236.75
2024-11-04 09:00:00,53976.88550241062,65643.5
2024-11-04 10:00:00,54248.67668375891,65975.75
2024-11-04 11:00:00,54341.741874039544,65895.25
2024-11-04 12:00:00,54282.76801000645,65738.5
2024-11-04 13:00:00,54104.877711923335,65334.75
2024-11-04 14:00:00,53843.914417506225,63370.25
2024-11-04 15:00:00,53535.2252121529,62842.0
2024-11-04 16:00:00,53211.08920443623,62813.5
2024-11-04 17:00:00,52898.86232474117,65309.0
2024-11-04 18:00:00,52619.84304270913,64848.5
2024-11-04 19:00:00,52388.80871158673,63461.75
2024-11-04 20:00:00,52214.13112085099,59937.25
2024-11-04 21:00:00,52098.353310506856,56741.0
2024-11-04 22:00:00,52039.097138268444,52915.25
2024-11-02 23:00:00,44451.049503382754,43493.25
2024-11-03 00:00:00,43979.52744012903,40796.25
2024-11-03 01:00:00,44271.92098014049,38851.25
2024-11-03 02:00:00,45064.111549230736,38018.0
2024-11-03 03:00:00,46210.78853261135,37943.75
2024-11-03 04:00:00,47568.95484534573,38117.25
2024-11-03 05:00:00,49007.2693565446,38528.25
2024-11-03 06:00:00,50412.888341837745,39159.5
2024-11-03 07:00:00,51695.79523007113,41372.0
2024-11-03 08:00:00,52790.78138275202,44948.75
2024-11-03 09:00:00,53657.37134505595,48826.75
2024-11-03 10:00:00,54278.07281640418,51647.75
2024-11-03 11:00:00,54655.37658922676,52936.25
2024-11-03 12:00:00,54807.93945391336,52494.5
2024-11-03 13:00:00,54766.35983547447,49797.75
2024-11-03 14:00:00,54568.90895387329,47656.5
2024-11-03 15:00:00,54257.517125825965,47451.5
2024-11-03 16:00:00,53874.24272168316,48657.75
2024-11-03 17:00:00,53458.37681025428,52803.75
2024-11-03 18:00:00,53044.265186821365,53867.75
2024-11-03 19:00:00,52659.865582813094,52472.75
2024-11-03 20:00:00,52326.00440491816,50484.25
2024-11-03 21:00:00,52056.25609026766,48464.5
2024-11-03 22:00:00,51857.339685605286,47141.75
2024-11-01 23:00:00,45308.71079541175,44465.5
2024-11-02 00:00:00,44722.586505545936,41883.5
2024-11-02 01:00:00,44830.32722544339,39795.75
2024-11-02 02:00:00,45464.91270780923,38666.0
2024-11-02 03:00:00,46475.37743875793,38728.0
2024-11-02 04:00:00,47719.821911287865,39212.5
2024-11-02 05:00:00,49065.032950644905,39903.25
2024-11-02 06:00:00,50394.06740861107,41359.75
2024-11-02 07:00:00,51613.07523302425,43214.75
2024-11-02 08:00:00,52654.28451819019,47252.75
2024-11-02 09:00:00,53475.90043499043,50181.75
2024-11-02 10:00:00,54060.07333362562,52338.0
2024-11-02 11:00:00,54409.60127309927,54049.75
2024-11-02 12:00:00,54543.800777465396,53822.5
2024-11-02 13:00:00,54493.96225615546,52245.5
2024-11-02 14:00:00,54298.79351599075,51118.5
2024-11-02 15:00:00,54000.19025121854,50584.5
2024-11-02 16:00:00,53639.581595729855,51182.5
2024-11-02 17:00:00,53255.00686972737,53934.0
2024-11-02 18:00:00,52878.99617904608,54731.0
2024-11-02 19:00:00,52537.255541359766,52878.5
2024-11-02 20:00:00,52248.09879302007,49551.0
2024-11-02 21:00:00,52022.525256881694,47523.75
2024-11-02 22:00:00,51864.814427396035,45703.25
2024-10-31 23:00:00,46523.92183439691,45401.5
2024-11-01 00:00:00,45390.18354909239,43740.5
2024-11-01 01:00:00,44959.28037497879,41921.0
2024-11-01 02:00:00,45080.69051659789,41491.75
2024-11-01 03:00:00,45643.90529353548,41129.25
2024-11-01 04:00:00,46530.02458651243,41633.0
2024-11-01 05:00:00,47621.09618986912,43357.5
2024-11-01 06:00:00,48807.65883382334,45880.75
2024-11-01 07:00:00,49994.32881927064,48511.0
2024-11-01 08:00:00,51103.42796039321,51553.25
2024-11-01 09:00:00,52076.77913938478,54095.75
2024-11-01 10:00:00,52875.89223860346,56566.5
2024-11-01 11:00:00,53480.82718563378,58780.0
2024-11-01 12:00:00,53888.054173201584,58753.5
2024-11-01 13:00:00,54107.63730815234,56259.25
2024-11-01 14:00:00,54160.051635298645,54149.75
2024-11-01 15:00:00,54072.90991844723,52767.25
2024-11-01 16:00:00,53877.830143029416,53012.5
2024-11-01 17:00:00,53607.62260605939,54830.75
2024-11-01 18:00:00,53293.921329696335,55666.0
2024-11-01 19:00:00,52965.332293942665,54085.25
2024-11-01 20:00:00,52646.123699990436,51488.25
2024-11-01 21:00:00,52355.44332234819,48942.0
2024-11-01 22:00:00,52107.01628872076,46733.25
