timestamp,forecast,split,model_name,training_horizon,forecast_horizon
2024-11-20 23:00:00,54638.45192123299,1,AutoARIMA_wFC,672,24
2024-11-21 00:00:00,52867.764557365546,1,AutoARIMA_wFC,672,24
2024-11-21 01:00:00,52264.30660040211,1,AutoARIMA_wFC,672,24
2024-11-21 02:00:00,52210.52740180718,1,AutoARIMA_wFC,672,24
2024-11-21 03:00:00,52613.349249425024,1,AutoARIMA_wFC,672,24
2024-11-21 04:00:00,52910.68338046191,1,AutoARIMA_wFC,672,24
2024-11-21 05:00:00,53166.65490607174,1,AutoARIMA_wFC,672,24
2024-11-21 06:00:00,53114.95241692183,1,AutoARIMA_wFC,672,24
2024-11-21 07:00:00,53277.012812058354,1,AutoARIMA_wFC,672,24
2024-11-21 08:00:00,53407.46683981487,1,AutoARIMA_wFC,672,24
2024-11-21 09:00:00,53730.07180229161,1,AutoARIMA_wFC,672,24
2024-11-21 10:00:00,54024.26351381839,1,AutoARIMA_wFC,672,24
2024-11-21 11:00:00,54229.82517168868,1,AutoARIMA_wFC,672,24
2024-11-21 12:00:00,54358.128255585616,1,AutoARIMA_wFC,672,24
2024-11-21 13:00:00,54358.971385537145,1,AutoARIMA_wFC,672,24
2024-11-21 14:00:00,54202.930932822695,1,AutoARIMA_wFC,672,24
2024-11-21 15:00:00,53693.814726971716,1,AutoARIMA_wFC,672,24
2024-11-21 16:00:00,53227.11891452884,1,AutoARIMA_wFC,672,24
2024-11-21 17:00:00,53009.92896885558,1,AutoARIMA_wFC,672,24
2024-11-21 18:00:00,52674.37987752435,1,AutoARIMA_wFC,672,24
2024-11-21 19:00:00,52470.5212254885,1,AutoARIMA_wFC,672,24
2024-11-21 20:00:00,52341.80404591487,1,AutoARIMA_wFC,672,24
2024-11-21 21:00:00,52254.43306357882,1,AutoARIMA_wFC,672,24
2024-11-21 22:00:00,52094.999039300914,1,AutoARIMA_wFC,672,24
2024-11-21 23:00:00,54576.5440275124,2,AutoARIMA_wFC,672,24
2024-11-22 00:00:00,53110.304391604936,2,AutoARIMA_wFC,672,24
2024-11-22 01:00:00,52845.847703027684,2,AutoARIMA_wFC,672,24
2024-11-22 02:00:00,53451.68932582831,2,AutoARIMA_wFC,672,24
2024-11-22 03:00:00,54321.18543188681,2,AutoARIMA_wFC,672,24
2024-11-22 04:00:00,55361.78279006458,2,AutoARIMA_wFC,672,24
2024-11-22 05:00:00,56568.35693623434,2,AutoARIMA_wFC,672,24
2024-11-22 06:00:00,57659.27501169258,2,AutoARIMA_wFC,672,24
2024-11-22 07:00:00,58555.20836543033,2,AutoARIMA_wFC,672,24
2024-11-22 08:00:00,59627.334099381515,2,AutoARIMA_wFC,672,24
2024-11-22 09:00:00,60591.68268864022,2,AutoARIMA_wFC,672,24
2024-11-22 10:00:00,61576.44304504066,2,AutoARIMA_wFC,672,24
2024-11-22 11:00:00,62202.47600058617,2,AutoARIMA_wFC,672,24
2024-11-22 12:00:00,62689.01609826195,2,AutoARIMA_wFC,672,24
2024-11-22 13:00:00,62828.87927168619,2,AutoARIMA_wFC,672,24
2024-11-22 14:00:00,62813.368315999716,2,AutoARIMA_wFC,672,24
2024-11-22 15:00:00,62547.05802505513,2,AutoARIMA_wFC,672,24
2024-11-22 16:00:00,62177.74168990259,2,AutoARIMA_wFC,672,24
2024-11-22 17:00:00,61961.36653508007,2,AutoARIMA_wFC,672,24
2024-11-22 18:00:00,62127.393593552144,2,AutoARIMA_wFC,672,24
2024-11-22 19:00:00,62051.79767462706,2,AutoARIMA_wFC,672,24
2024-11-22 20:00:00,62047.74141252735,2,AutoARIMA_wFC,672,24
2024-11-22 21:00:00,61913.56691642241,2,AutoARIMA_wFC,672,24
2024-11-22 22:00:00,61783.46758482767,2,AutoARIMA_wFC,672,24
2024-11-22 23:00:00,55699.58505902988,3,AutoARIMA_wFC,672,24
2024-11-23 00:00:00,55391.25332076746,3,AutoARIMA_wFC,672,24
2024-11-23 01:00:00,55926.111194185214,3,AutoARIMA_wFC,672,24
2024-11-23 02:00:00,57063.23426095021,3,AutoARIMA_wFC,672,24
2024-11-23 03:00:00,58483.9325340003,3,AutoARIMA_wFC,672,24
2024-11-23 04:00:00,59955.120230196466,3,AutoARIMA_wFC,672,24
2024-11-23 05:00:00,61215.79172130676,3,AutoARIMA_wFC,672,24
2024-11-23 06:00:00,62215.63637793399,3,AutoARIMA_wFC,672,24
2024-11-23 07:00:00,62899.3280922873,3,AutoARIMA_wFC,672,24
2024-11-23 08:00:00,63087.012246209386,3,AutoARIMA_wFC,672,24
2024-11-23 09:00:00,62790.20003678093,3,AutoARIMA_wFC,672,24
2024-11-23 10:00:00,62193.885721805724,3,AutoARIMA_wFC,672,24
2024-11-23 11:00:00,61510.16696716513,3,AutoARIMA_wFC,672,24
2024-11-23 12:00:00,60874.80551373774,3,AutoARIMA_wFC,672,24
2024-11-23 13:00:00,60446.52254521012,3,AutoARIMA_wFC,672,24
2024-11-23 14:00:00,60194.36774298588,3,AutoARIMA_wFC,672,24
2024-11-23 15:00:00,60119.619016510114,3,AutoARIMA_wFC,672,24
2024-11-23 16:00:00,60026.35454356905,3,AutoARIMA_wFC,672,24
2024-11-23 17:00:00,59895.6845157951,3,AutoARIMA_wFC,672,24
2024-11-23 18:00:00,59776.90242375139,3,AutoARIMA_wFC,672,24
2024-11-23 19:00:00,59729.61214415962,3,AutoARIMA_wFC,672,24
2024-11-23 20:00:00,59746.61584336712,3,AutoARIMA_wFC,672,24
2024-11-23 21:00:00,59735.05901457003,3,AutoARIMA_wFC,672,24
2024-11-23 22:00:00,59650.17848435024,3,AutoARIMA_wFC,672,24
2024-11-23 23:00:00,53858.83993752461,4,AutoARIMA_wFC,672,24
2024-11-24 00:00:00,54056.96954246694,4,AutoARIMA_wFC,672,24
2024-11-24 01:00:00,55150.358516992645,4,AutoARIMA_wFC,672,24
2024-11-24 02:00:00,57199.70585126261,4,AutoARIMA_wFC,672,24
2024-11-24 03:00:00,59374.5460368729,4,AutoARIMA_wFC,672,24
2024-11-24 04:00:00,61642.87939702057,4,AutoARIMA_wFC,672,24
2024-11-24 05:00:00,63920.633727467284,4,AutoARIMA_wFC,672,24
2024-11-24 06:00:00,65555.6463155016,4,AutoARIMA_wFC,672,24
2024-11-24 07:00:00,66681.41767085769,4,AutoARIMA_wFC,672,24
2024-11-24 08:00:00,68272.2274988023,4,AutoARIMA_wFC,672,24
2024-11-24 09:00:00,70048.22213468015,4,AutoARIMA_wFC,672,24
2024-11-24 10:00:00,71794.06030864189,4,AutoARIMA_wFC,672,24
2024-11-24 11:00:00,73547.57554273412,4,AutoARIMA_wFC,672,24
2024-11-24 12:00:00,74857.40517710228,4,AutoARIMA_wFC,672,24
2024-11-24 13:00:00,75771.13860333899,4,AutoARIMA_wFC,672,24
2024-11-24 14:00:00,75556.3785026479,4,AutoARIMA_wFC,672,24
2024-11-24 15:00:00,74496.74283506256,4,AutoARIMA_wFC,672,24
2024-11-24 16:00:00,73224.74625886172,4,AutoARIMA_wFC,672,24
2024-11-24 17:00:00,72359.02213718079,4,AutoARIMA_wFC,672,24
2024-11-24 18:00:00,71863.57793166612,4,AutoARIMA_wFC,672,24
2024-11-24 19:00:00,70759.56903172715,4,AutoARIMA_wFC,672,24
2024-11-24 20:00:00,70177.93570688188,4,AutoARIMA_wFC,672,24
2024-11-24 21:00:00,70089.06231558762,4,AutoARIMA_wFC,672,24
2024-11-24 22:00:00,70133.23578380843,4,AutoARIMA_wFC,672,24
2024-11-24 23:00:00,52094.35207992217,5,AutoARIMA_wFC,672,24
2024-11-25 00:00:00,51452.515695269845,5,AutoARIMA_wFC,672,24
2024-11-25 01:00:00,51629.18922572361,5,AutoARIMA_wFC,672,24
2024-11-25 02:00:00,51934.50575652487,5,AutoARIMA_wFC,672,24
2024-11-25 03:00:00,52041.05908846973,5,AutoARIMA_wFC,672,24
2024-11-25 04:00:00,52202.40571795234,5,AutoARIMA_wFC,672,24
2024-11-25 05:00:00,52289.85872295363,5,AutoARIMA_wFC,672,24
2024-11-25 06:00:00,52564.895366333316,5,AutoARIMA_wFC,672,24
2024-11-25 07:00:00,52649.60257481678,5,AutoARIMA_wFC,672,24
2024-11-25 08:00:00,53352.84234278045,5,AutoARIMA_wFC,672,24
2024-11-25 09:00:00,54258.13403951407,5,AutoARIMA_wFC,672,24
2024-11-25 10:00:00,55217.84659141786,5,AutoARIMA_wFC,672,24
2024-11-25 11:00:00,56179.704998001595,5,AutoARIMA_wFC,672,24
2024-11-25 12:00:00,56603.757545269735,5,AutoARIMA_wFC,672,24
2024-11-25 13:00:00,56688.72957834594,5,AutoARIMA_wFC,672,24
2024-11-25 14:00:00,56311.66378116649,5,AutoARIMA_wFC,672,24
2024-11-25 15:00:00,55406.55897265874,5,AutoARIMA_wFC,672,24
2024-11-25 16:00:00,54728.49883463183,5,AutoARIMA_wFC,672,24
2024-11-25 17:00:00,53899.71620280578,5,AutoARIMA_wFC,672,24
2024-11-25 18:00:00,53596.09281614877,5,AutoARIMA_wFC,672,24
2024-11-25 19:00:00,53147.37583907408,5,AutoARIMA_wFC,672,24
2024-11-25 20:00:00,52991.54500767858,5,AutoARIMA_wFC,672,24
2024-11-25 21:00:00,52729.74207661107,5,AutoARIMA_wFC,672,24
2024-11-25 22:00:00,52306.87993505117,5,AutoARIMA_wFC,672,24
2024-11-25 23:00:00,54529.447256991334,6,AutoARIMA_wFC,672,24
2024-11-26 00:00:00,53241.30131767798,6,AutoARIMA_wFC,672,24
2024-11-26 01:00:00,53058.47579546913,6,AutoARIMA_wFC,672,24
2024-11-26 02:00:00,53452.801185181015,6,AutoARIMA_wFC,672,24
2024-11-26 03:00:00,54210.81366499062,6,AutoARIMA_wFC,672,24
2024-11-26 04:00:00,55020.5269952831,6,AutoARIMA_wFC,672,24
2024-11-26 05:00:00,55856.226215931565,6,AutoARIMA_wFC,672,24
2024-11-26 06:00:00,56689.39265237049,6,AutoARIMA_wFC,672,24
2024-11-26 07:00:00,57219.94544153959,6,AutoARIMA_wFC,672,24
2024-11-26 08:00:00,57795.88689479681,6,AutoARIMA_wFC,672,24
2024-11-26 09:00:00,58441.61289218755,6,AutoARIMA_wFC,672,24
2024-11-26 10:00:00,59012.443643129634,6,AutoARIMA_wFC,672,24
2024-11-26 11:00:00,59445.854352088725,6,AutoARIMA_wFC,672,24
2024-11-26 12:00:00,59672.07500132958,6,AutoARIMA_wFC,672,24
2024-11-26 13:00:00,59697.89478134844,6,AutoARIMA_wFC,672,24
2024-11-26 14:00:00,59369.7036735676,6,AutoARIMA_wFC,672,24
2024-11-26 15:00:00,58740.7139885767,6,AutoARIMA_wFC,672,24
2024-11-26 16:00:00,57978.50680119098,6,AutoARIMA_wFC,672,24
2024-11-26 17:00:00,57434.81239985802,6,AutoARIMA_wFC,672,24
2024-11-26 18:00:00,57077.07498351772,6,AutoARIMA_wFC,672,24
2024-11-26 19:00:00,56852.048535550726,6,AutoARIMA_wFC,672,24
2024-11-26 20:00:00,56657.585308497844,6,AutoARIMA_wFC,672,24
2024-11-26 21:00:00,56515.11953616912,6,AutoARIMA_wFC,672,24
2024-11-26 22:00:00,56205.223465910414,6,AutoARIMA_wFC,672,24
2024-11-26 23:00:00,52551.68765194819,7,AutoARIMA_wFC,672,24
2024-11-27 00:00:00,50912.05018022,7,AutoARIMA_wFC,672,24
2024-11-27 01:00:00,50209.514754511285,7,AutoARIMA_wFC,672,24
2024-11-27 02:00:00,50425.85358877992,7,AutoARIMA_wFC,672,24
2024-11-27 03:00:00,51608.690472594775,7,AutoARIMA_wFC,672,24
2024-11-27 04:00:00,53078.47345775763,7,AutoARIMA_wFC,672,24
2024-11-27 05:00:00,54399.46478776445,7,AutoARIMA_wFC,672,24
2024-11-27 06:00:00,55609.79788615802,7,AutoARIMA_wFC,672,24
2024-11-27 07:00:00,56502.28891699901,7,AutoARIMA_wFC,672,24
2024-11-27 08:00:00,57846.59828881119,7,AutoARIMA_wFC,672,24
2024-11-27 09:00:00,58744.92628215866,7,AutoARIMA_wFC,672,24
2024-11-27 10:00:00,60279.911779205955,7,AutoARIMA_wFC,672,24
2024-11-27 11:00:00,61210.650816176094,7,AutoARIMA_wFC,672,24
2024-11-27 12:00:00,61306.987598031716,7,AutoARIMA_wFC,672,24
2024-11-27 13:00:00,61396.84459380348,7,AutoARIMA_wFC,672,24
2024-11-27 14:00:00,60827.867049728666,7,AutoARIMA_wFC,672,24
2024-11-27 15:00:00,60334.233169540166,7,AutoARIMA_wFC,672,24
2024-11-27 16:00:00,59783.53267504774,7,AutoARIMA_wFC,672,24
2024-11-27 17:00:00,59834.75268986453,7,AutoARIMA_wFC,672,24
2024-11-27 18:00:00,60350.492508030686,7,AutoARIMA_wFC,672,24
2024-11-27 19:00:00,60403.56796662297,7,AutoARIMA_wFC,672,24
2024-11-27 20:00:00,60475.4365297442,7,AutoARIMA_wFC,672,24
2024-11-27 21:00:00,60606.620355576895,7,AutoARIMA_wFC,672,24
2024-11-27 22:00:00,61178.91778524433,7,AutoARIMA_wFC,672,24
2024-11-27 23:00:00,55574.37098263856,8,AutoARIMA_wFC,672,24
2024-11-28 00:00:00,53036.89399588881,8,AutoARIMA_wFC,672,24
2024-11-28 01:00:00,51818.33513556569,8,AutoARIMA_wFC,672,24
2024-11-28 02:00:00,51815.61844948438,8,AutoARIMA_wFC,672,24
2024-11-28 03:00:00,52548.48386991073,8,AutoARIMA_wFC,672,24
2024-11-28 04:00:00,53563.338641204726,8,AutoARIMA_wFC,672,24
2024-11-28 05:00:00,54763.49469726904,8,AutoARIMA_wFC,672,24
2024-11-28 06:00:00,55952.225374548136,8,AutoARIMA_wFC,672,24
2024-11-28 07:00:00,56675.93928377275,8,AutoARIMA_wFC,672,24
2024-11-28 08:00:00,57291.88732727933,8,AutoARIMA_wFC,672,24
2024-11-28 09:00:00,57554.44135187308,8,AutoARIMA_wFC,672,24
2024-11-28 10:00:00,57477.28115021778,8,AutoARIMA_wFC,672,24
2024-11-28 11:00:00,57036.26632059787,8,AutoARIMA_wFC,672,24
2024-11-28 12:00:00,56327.49733336008,8,AutoARIMA_wFC,672,24
2024-11-28 13:00:00,55467.79575337467,8,AutoARIMA_wFC,672,24
2024-11-28 14:00:00,54707.095927441005,8,AutoARIMA_wFC,672,24
2024-11-28 15:00:00,53787.664370929866,8,AutoARIMA_wFC,672,24
2024-11-28 16:00:00,52975.7375258338,8,AutoARIMA_wFC,672,24
2024-11-28 17:00:00,52746.29098566799,8,AutoARIMA_wFC,672,24
2024-11-28 18:00:00,52424.33882206777,8,AutoARIMA_wFC,672,24
2024-11-28 19:00:00,52376.13318249222,8,AutoARIMA_wFC,672,24
2024-11-28 20:00:00,52262.71287322028,8,AutoARIMA_wFC,672,24
2024-11-28 21:00:00,52126.023757729825,8,AutoARIMA_wFC,672,24
2024-11-28 22:00:00,52047.52828175648,8,AutoARIMA_wFC,672,24
2024-11-28 23:00:00,54025.13612288494,9,AutoARIMA_wFC,672,24
2024-11-29 00:00:00,52361.05223090661,9,AutoARIMA_wFC,672,24
2024-11-29 01:00:00,51567.865007570064,9,AutoARIMA_wFC,672,24
2024-11-29 02:00:00,51637.429705856055,9,AutoARIMA_wFC,672,24
2024-11-29 03:00:00,52211.17750575225,9,AutoARIMA_wFC,672,24
2024-11-29 04:00:00,52963.51871887823,9,AutoARIMA_wFC,672,24
2024-11-29 05:00:00,53985.195420019314,9,AutoARIMA_wFC,672,24
2024-11-29 06:00:00,55283.013308613095,9,AutoARIMA_wFC,672,24
2024-11-29 07:00:00,56619.229922810315,9,AutoARIMA_wFC,672,24
2024-11-29 08:00:00,58051.513941783516,9,AutoARIMA_wFC,672,24
2024-11-29 09:00:00,59905.105623841526,9,AutoARIMA_wFC,672,24
2024-11-29 10:00:00,61482.13116805994,9,AutoARIMA_wFC,672,24
2024-11-29 11:00:00,62519.823994934326,9,AutoARIMA_wFC,672,24
2024-11-29 12:00:00,63016.139889927115,9,AutoARIMA_wFC,672,24
2024-11-29 13:00:00,62894.87012537007,9,AutoARIMA_wFC,672,24
2024-11-29 14:00:00,62386.71003799334,9,AutoARIMA_wFC,672,24
2024-11-29 15:00:00,61137.077093100976,9,AutoARIMA_wFC,672,24
2024-11-29 16:00:00,59692.32387344685,9,AutoARIMA_wFC,672,24
2024-11-29 17:00:00,58445.23106196038,9,AutoARIMA_wFC,672,24
2024-11-29 18:00:00,57499.49166157632,9,AutoARIMA_wFC,672,24
2024-11-29 19:00:00,56733.906619293935,9,AutoARIMA_wFC,672,24
2024-11-29 20:00:00,56085.14003590922,9,AutoARIMA_wFC,672,24
2024-11-29 21:00:00,55371.77971625721,9,AutoARIMA_wFC,672,24
2024-11-29 22:00:00,54918.74976995743,9,AutoARIMA_wFC,672,24
2024-11-29 23:00:00,53239.34827649013,10,AutoARIMA_wFC,672,24
2024-11-30 00:00:00,52145.73304259605,10,AutoARIMA_wFC,672,24
2024-11-30 01:00:00,51952.26866177059,10,AutoARIMA_wFC,672,24
2024-11-30 02:00:00,52479.071328246486,10,AutoARIMA_wFC,672,24
2024-11-30 03:00:00,53494.316011377174,10,AutoARIMA_wFC,672,24
2024-11-30 04:00:00,55037.277674613404,10,AutoARIMA_wFC,672,24
2024-11-30 05:00:00,56837.274885984596,10,AutoARIMA_wFC,672,24
2024-11-30 06:00:00,58859.1186218371,10,AutoARIMA_wFC,672,24
2024-11-30 07:00:00,60831.20246490981,10,AutoARIMA_wFC,672,24
2024-11-30 08:00:00,62702.96095958771,10,AutoARIMA_wFC,672,24
2024-11-30 09:00:00,64250.047383951234,10,AutoARIMA_wFC,672,24
2024-11-30 10:00:00,65443.999062980394,10,AutoARIMA_wFC,672,24
2024-11-30 11:00:00,66139.06523865719,10,AutoARIMA_wFC,672,24
2024-11-30 12:00:00,66368.37467577786,10,AutoARIMA_wFC,672,24
2024-11-30 13:00:00,66081.507247467,10,AutoARIMA_wFC,672,24
2024-11-30 14:00:00,65376.01124396447,10,AutoARIMA_wFC,672,24
2024-11-30 15:00:00,64278.03711586612,10,AutoARIMA_wFC,672,24
2024-11-30 16:00:00,62939.19426694217,10,AutoARIMA_wFC,672,24
2024-11-30 17:00:00,61437.08474194906,10,AutoARIMA_wFC,672,24
2024-11-30 18:00:00,59931.24380545884,10,AutoARIMA_wFC,672,24
2024-11-30 19:00:00,58506.559773473986,10,AutoARIMA_wFC,672,24
2024-11-30 20:00:00,57296.076084628236,10,AutoARIMA_wFC,672,24
2024-11-30 21:00:00,56360.01204541795,10,AutoARIMA_wFC,672,24
2024-11-30 22:00:00,55779.699153272464,10,AutoARIMA_wFC,672,24
2024-11-30 23:00:00,49898.23974104338,11,AutoARIMA_wFC,672,24
2024-12-01 00:00:00,49493.3703402235,11,AutoARIMA_wFC,672,24
2024-12-01 01:00:00,49779.42967641761,11,AutoARIMA_wFC,672,24
2024-12-01 02:00:00,50478.10523785409,11,AutoARIMA_wFC,672,24
2024-12-01 03:00:00,51162.41520067594,11,AutoARIMA_wFC,672,24
2024-12-01 04:00:00,51819.47737556946,11,AutoARIMA_wFC,672,24
2024-12-01 05:00:00,52473.40576372277,11,AutoARIMA_wFC,672,24
2024-12-01 06:00:00,53041.883837763104,11,AutoARIMA_wFC,672,24
2024-12-01 07:00:00,53503.94182148367,11,AutoARIMA_wFC,672,24
2024-12-01 08:00:00,54183.800715915,11,AutoARIMA_wFC,672,24
2024-12-01 09:00:00,55399.76051876832,11,AutoARIMA_wFC,672,24
2024-12-01 10:00:00,56503.94096386881,11,AutoARIMA_wFC,672,24
2024-12-01 11:00:00,57385.10879778213,11,AutoARIMA_wFC,672,24
2024-12-01 12:00:00,57902.78651472889,11,AutoARIMA_wFC,672,24
2024-12-01 13:00:00,57997.79684731506,11,AutoARIMA_wFC,672,24
2024-12-01 14:00:00,57709.26261789156,11,AutoARIMA_wFC,672,24
2024-12-01 15:00:00,57017.99360306673,11,AutoARIMA_wFC,672,24
2024-12-01 16:00:00,56507.413685110034,11,AutoARIMA_wFC,672,24
2024-12-01 17:00:00,56158.34982541078,11,AutoARIMA_wFC,672,24
2024-12-01 18:00:00,55883.3909008733,11,AutoARIMA_wFC,672,24
2024-12-01 19:00:00,55701.82770951114,11,AutoARIMA_wFC,672,24
2024-12-01 20:00:00,55536.93424608467,11,AutoARIMA_wFC,672,24
2024-12-01 21:00:00,55532.45872419466,11,AutoARIMA_wFC,672,24
2024-12-01 22:00:00,55537.459973055215,11,AutoARIMA_wFC,672,24
2024-12-01 23:00:00,52519.35782057774,12,AutoARIMA_wFC,672,24
2024-12-02 00:00:00,52444.186255172994,12,AutoARIMA_wFC,672,24
2024-12-02 01:00:00,52858.19932656089,12,AutoARIMA_wFC,672,24
2024-12-02 02:00:00,53365.1879347691,12,AutoARIMA_wFC,672,24
2024-12-02 03:00:00,53777.73185074942,12,AutoARIMA_wFC,672,24
2024-12-02 04:00:00,54176.362237015695,12,AutoARIMA_wFC,672,24
2024-12-02 05:00:00,54572.647138461194,12,AutoARIMA_wFC,672,24
2024-12-02 06:00:00,55137.98607901459,12,AutoARIMA_wFC,672,24
2024-12-02 07:00:00,55582.64749068576,12,AutoARIMA_wFC,672,24
2024-12-02 08:00:00,56155.222453871625,12,AutoARIMA_wFC,672,24
2024-12-02 09:00:00,56896.98469015365,12,AutoARIMA_wFC,672,24
2024-12-02 10:00:00,57903.470070897834,12,AutoARIMA_wFC,672,24
2024-12-02 11:00:00,58856.988188189265,12,AutoARIMA_wFC,672,24
2024-12-02 12:00:00,59463.94445931079,12,AutoARIMA_wFC,672,24
2024-12-02 13:00:00,59887.48083892068,12,AutoARIMA_wFC,672,24
2024-12-02 14:00:00,60144.39110361072,12,AutoARIMA_wFC,672,24
2024-12-02 15:00:00,59701.49154996638,12,AutoARIMA_wFC,672,24
2024-12-02 16:00:00,58939.45899538859,12,AutoARIMA_wFC,672,24
2024-12-02 17:00:00,58569.3192903134,12,AutoARIMA_wFC,672,24
2024-12-02 18:00:00,58504.27180411598,12,AutoARIMA_wFC,672,24
2024-12-02 19:00:00,58487.089351841634,12,AutoARIMA_wFC,672,24
2024-12-02 20:00:00,58406.27210846558,12,AutoARIMA_wFC,672,24
2024-12-02 21:00:00,58266.91252112783,12,AutoARIMA_wFC,672,24
2024-12-02 22:00:00,58487.379230303646,12,AutoARIMA_wFC,672,24
2024-12-02 23:00:00,52838.837217481196,13,AutoARIMA_wFC,672,24
2024-12-03 00:00:00,51179.100717266425,13,AutoARIMA_wFC,672,24
2024-12-03 01:00:00,50805.420178678,13,AutoARIMA_wFC,672,24
2024-12-03 02:00:00,51136.98986796044,13,AutoARIMA_wFC,672,24
2024-12-03 03:00:00,52249.492735126616,13,AutoARIMA_wFC,672,24
2024-12-03 04:00:00,53290.07809264783,13,AutoARIMA_wFC,672,24
2024-12-03 05:00:00,54518.20479907199,13,AutoARIMA_wFC,672,24
2024-12-03 06:00:00,55648.54107355834,13,AutoARIMA_wFC,672,24
2024-12-03 07:00:00,56405.20371569472,13,AutoARIMA_wFC,672,24
2024-12-03 08:00:00,57333.571473710894,13,AutoARIMA_wFC,672,24
2024-12-03 09:00:00,58298.876152740544,13,AutoARIMA_wFC,672,24
2024-12-03 10:00:00,59158.39539870285,13,AutoARIMA_wFC,672,24
2024-12-03 11:00:00,59586.581361125514,13,AutoARIMA_wFC,672,24
2024-12-03 12:00:00,59885.94473669101,13,AutoARIMA_wFC,672,24
2024-12-03 13:00:00,59966.76172293957,13,AutoARIMA_wFC,672,24
2024-12-03 14:00:00,59748.81279836681,13,AutoARIMA_wFC,672,24
2024-12-03 15:00:00,59315.22671834906,13,AutoARIMA_wFC,672,24
2024-12-03 16:00:00,58789.557857005275,13,AutoARIMA_wFC,672,24
2024-12-03 17:00:00,58560.41097450481,13,AutoARIMA_wFC,672,24
2024-12-03 18:00:00,58302.16788479477,13,AutoARIMA_wFC,672,24
2024-12-03 19:00:00,58163.535452140044,13,AutoARIMA_wFC,672,24
2024-12-03 20:00:00,57670.127810244674,13,AutoARIMA_wFC,672,24
2024-12-03 21:00:00,57325.35032247956,13,AutoARIMA_wFC,672,24
2024-12-03 22:00:00,57194.474005990225,13,AutoARIMA_wFC,672,24
2024-12-03 23:00:00,54709.55286567919,14,AutoARIMA_wFC,672,24
2024-12-04 00:00:00,52943.883690425064,14,AutoARIMA_wFC,672,24
2024-12-04 01:00:00,52426.761226027156,14,AutoARIMA_wFC,672,24
2024-12-04 02:00:00,52370.534634605625,14,AutoARIMA_wFC,672,24
2024-12-04 03:00:00,52590.50179145794,14,AutoARIMA_wFC,672,24
2024-12-04 04:00:00,53168.45012024711,14,AutoARIMA_wFC,672,24
2024-12-04 05:00:00,53574.822685885396,14,AutoARIMA_wFC,672,24
2024-12-04 06:00:00,54093.398623633344,14,AutoARIMA_wFC,672,24
2024-12-04 07:00:00,54578.56212814739,14,AutoARIMA_wFC,672,24
2024-12-04 08:00:00,55075.3162706501,14,AutoARIMA_wFC,672,24
2024-12-04 09:00:00,56009.945191673505,14,AutoARIMA_wFC,672,24
2024-12-04 10:00:00,56764.63916011547,14,AutoARIMA_wFC,672,24
2024-12-04 11:00:00,57408.48796374338,14,AutoARIMA_wFC,672,24
2024-12-04 12:00:00,57814.13664204751,14,AutoARIMA_wFC,672,24
2024-12-04 13:00:00,57993.26431438574,14,AutoARIMA_wFC,672,24
2024-12-04 14:00:00,57974.34671507297,14,AutoARIMA_wFC,672,24
2024-12-04 15:00:00,57716.84660282898,14,AutoARIMA_wFC,672,24
2024-12-04 16:00:00,57439.1737942439,14,AutoARIMA_wFC,672,24
2024-12-04 17:00:00,57250.25642212003,14,AutoARIMA_wFC,672,24
2024-12-04 18:00:00,57086.814968614126,14,AutoARIMA_wFC,672,24
2024-12-04 19:00:00,56884.37340125513,14,AutoARIMA_wFC,672,24
2024-12-04 20:00:00,56761.75837551032,14,AutoARIMA_wFC,672,24
2024-12-04 21:00:00,56634.83299932731,14,AutoARIMA_wFC,672,24
2024-12-04 22:00:00,56445.88939779876,14,AutoARIMA_wFC,672,24
2024-12-04 23:00:00,56583.04942887186,15,AutoARIMA_wFC,672,24
2024-12-05 00:00:00,55288.48526302239,15,AutoARIMA_wFC,672,24
2024-12-05 01:00:00,54666.67640296319,15,AutoARIMA_wFC,672,24
2024-12-05 02:00:00,54260.74691541017,15,AutoARIMA_wFC,672,24
2024-12-05 03:00:00,53914.386459714864,15,AutoARIMA_wFC,672,24
2024-12-05 04:00:00,53757.28185326889,15,AutoARIMA_wFC,672,24
2024-12-05 05:00:00,53639.257336730676,15,AutoARIMA_wFC,672,24
2024-12-05 06:00:00,53579.820968274245,15,AutoARIMA_wFC,672,24
2024-12-05 07:00:00,53700.50790252264,15,AutoARIMA_wFC,672,24
2024-12-05 08:00:00,54153.65025274767,15,AutoARIMA_wFC,672,24
2024-12-05 09:00:00,55187.89184652617,15,AutoARIMA_wFC,672,24
2024-12-05 10:00:00,56104.05343736208,15,AutoARIMA_wFC,672,24
2024-12-05 11:00:00,56917.180290649194,15,AutoARIMA_wFC,672,24
2024-12-05 12:00:00,57206.65332454076,15,AutoARIMA_wFC,672,24
2024-12-05 13:00:00,57415.22725136269,15,AutoARIMA_wFC,672,24
2024-12-05 14:00:00,57209.86203375588,15,AutoARIMA_wFC,672,24
2024-12-05 15:00:00,56664.69385333524,15,AutoARIMA_wFC,672,24
2024-12-05 16:00:00,56479.166841787905,15,AutoARIMA_wFC,672,24
2024-12-05 17:00:00,56639.73822389105,15,AutoARIMA_wFC,672,24
2024-12-05 18:00:00,56759.3049904481,15,AutoARIMA_wFC,672,24
2024-12-05 19:00:00,57066.38721043384,15,AutoARIMA_wFC,672,24
2024-12-05 20:00:00,57343.26228637903,15,AutoARIMA_wFC,672,24
2024-12-05 21:00:00,57609.6778241627,15,AutoARIMA_wFC,672,24
2024-12-05 22:00:00,57885.284862933724,15,AutoARIMA_wFC,672,24
2024-12-05 23:00:00,57920.03065220173,16,AutoARIMA_wFC,672,24
2024-12-06 00:00:00,55815.23538328793,16,AutoARIMA_wFC,672,24
2024-12-06 01:00:00,54986.72984716213,16,AutoARIMA_wFC,672,24
2024-12-06 02:00:00,54738.26738777118,16,AutoARIMA_wFC,672,24
2024-12-06 03:00:00,54929.814370913926,16,AutoARIMA_wFC,672,24
2024-12-06 04:00:00,55435.41299663901,16,AutoARIMA_wFC,672,24
2024-12-06 05:00:00,56205.57409327445,16,AutoARIMA_wFC,672,24
2024-12-06 06:00:00,56983.28465415136,16,AutoARIMA_wFC,672,24
2024-12-06 07:00:00,57796.832521291144,16,AutoARIMA_wFC,672,24
2024-12-06 08:00:00,58463.29465089496,16,AutoARIMA_wFC,672,24
2024-12-06 09:00:00,59167.1729813789,16,AutoARIMA_wFC,672,24
2024-12-06 10:00:00,59905.01565836569,16,AutoARIMA_wFC,672,24
2024-12-06 11:00:00,60511.27367123068,16,AutoARIMA_wFC,672,24
2024-12-06 12:00:00,60864.369732480496,16,AutoARIMA_wFC,672,24
2024-12-06 13:00:00,61036.89869046613,16,AutoARIMA_wFC,672,24
2024-12-06 14:00:00,60943.643880020245,16,AutoARIMA_wFC,672,24
2024-12-06 15:00:00,60729.38447326525,16,AutoARIMA_wFC,672,24
2024-12-06 16:00:00,60662.088200955026,16,AutoARIMA_wFC,672,24
2024-12-06 17:00:00,60512.67354107208,16,AutoARIMA_wFC,672,24
2024-12-06 18:00:00,60342.26747109795,16,AutoARIMA_wFC,672,24
2024-12-06 19:00:00,60179.279765132946,16,AutoARIMA_wFC,672,24
2024-12-06 20:00:00,59985.67890949204,16,AutoARIMA_wFC,672,24
2024-12-06 21:00:00,59694.75916654236,16,AutoARIMA_wFC,672,24
2024-12-06 22:00:00,59575.45047499014,16,AutoARIMA_wFC,672,24
2024-12-06 23:00:00,51231.58837755682,17,AutoARIMA_wFC,672,24
2024-12-07 00:00:00,49378.015675518865,17,AutoARIMA_wFC,672,24
2024-12-07 01:00:00,48671.42224293315,17,AutoARIMA_wFC,672,24
2024-12-07 02:00:00,48525.685399288304,17,AutoARIMA_wFC,672,24
2024-12-07 03:00:00,48782.05180159904,17,AutoARIMA_wFC,672,24
2024-12-07 04:00:00,48995.60690001062,17,AutoARIMA_wFC,672,24
2024-12-07 05:00:00,49201.23954601582,17,AutoARIMA_wFC,672,24
2024-12-07 06:00:00,49401.86599217011,17,AutoARIMA_wFC,672,24
2024-12-07 07:00:00,49411.744385305785,17,AutoARIMA_wFC,672,24
2024-12-07 08:00:00,49576.91886280317,17,AutoARIMA_wFC,672,24
2024-12-07 09:00:00,49944.82820335003,17,AutoARIMA_wFC,672,24
2024-12-07 10:00:00,50298.17953228271,17,AutoARIMA_wFC,672,24
2024-12-07 11:00:00,50635.51741131911,17,AutoARIMA_wFC,672,24
2024-12-07 12:00:00,50818.06022384614,17,AutoARIMA_wFC,672,24
2024-12-07 13:00:00,50792.8117427073,17,AutoARIMA_wFC,672,24
2024-12-07 14:00:00,50887.29295283301,17,AutoARIMA_wFC,672,24
2024-12-07 15:00:00,50786.219200617204,17,AutoARIMA_wFC,672,24
2024-12-07 16:00:00,50634.230483407024,17,AutoARIMA_wFC,672,24
2024-12-07 17:00:00,50533.35739958675,17,AutoARIMA_wFC,672,24
2024-12-07 18:00:00,50415.11848888651,17,AutoARIMA_wFC,672,24
2024-12-07 19:00:00,50351.42469705656,17,AutoARIMA_wFC,672,24
2024-12-07 20:00:00,50218.9528189003,17,AutoARIMA_wFC,672,24
2024-12-07 21:00:00,50097.96942807389,17,AutoARIMA_wFC,672,24
2024-12-07 22:00:00,50000.79666436392,17,AutoARIMA_wFC,672,24
2024-12-07 23:00:00,49761.36917367898,18,AutoARIMA_wFC,672,24
2024-12-08 00:00:00,49886.60511892827,18,AutoARIMA_wFC,672,24
2024-12-08 01:00:00,50657.45449255017,18,AutoARIMA_wFC,672,24
2024-12-08 02:00:00,51628.90362587903,18,AutoARIMA_wFC,672,24
2024-12-08 03:00:00,52554.69648794834,18,AutoARIMA_wFC,672,24
2024-12-08 04:00:00,53402.73502396059,18,AutoARIMA_wFC,672,24
2024-12-08 05:00:00,54177.36475298993,18,AutoARIMA_wFC,672,24
2024-12-08 06:00:00,54785.991384736946,18,AutoARIMA_wFC,672,24
2024-12-08 07:00:00,55151.735424782935,18,AutoARIMA_wFC,672,24
2024-12-08 08:00:00,55896.36696776557,18,AutoARIMA_wFC,672,24
2024-12-08 09:00:00,56732.16741826752,18,AutoARIMA_wFC,672,24
2024-12-08 10:00:00,57756.96369737613,18,AutoARIMA_wFC,672,24
2024-12-08 11:00:00,58528.7800960528,18,AutoARIMA_wFC,672,24
2024-12-08 12:00:00,58924.59339131536,18,AutoARIMA_wFC,672,24
2024-12-08 13:00:00,59198.765426327445,18,AutoARIMA_wFC,672,24
2024-12-08 14:00:00,59145.845789070576,18,AutoARIMA_wFC,672,24
2024-12-08 15:00:00,58847.50968065931,18,AutoARIMA_wFC,672,24
2024-12-08 16:00:00,58392.32151794447,18,AutoARIMA_wFC,672,24
2024-12-08 17:00:00,58070.700237560515,18,AutoARIMA_wFC,672,24
2024-12-08 18:00:00,57936.30534841535,18,AutoARIMA_wFC,672,24
2024-12-08 19:00:00,57865.18480372218,18,AutoARIMA_wFC,672,24
2024-12-08 20:00:00,57732.536868957795,18,AutoARIMA_wFC,672,24
2024-12-08 21:00:00,57679.93204884796,18,AutoARIMA_wFC,672,24
2024-12-08 22:00:00,57671.99275026283,18,AutoARIMA_wFC,672,24
2024-12-08 23:00:00,51269.28548350233,19,AutoARIMA_wFC,672,24
2024-12-09 00:00:00,52060.80889499051,19,AutoARIMA_wFC,672,24
2024-12-09 01:00:00,53077.175804179074,19,AutoARIMA_wFC,672,24
2024-12-09 02:00:00,54357.69428214739,19,AutoARIMA_wFC,672,24
2024-12-09 03:00:00,55758.2937797488,19,AutoARIMA_wFC,672,24
2024-12-09 04:00:00,57129.651317629556,19,AutoARIMA_wFC,672,24
2024-12-09 05:00:00,58379.32052988368,19,AutoARIMA_wFC,672,24
2024-12-09 06:00:00,59429.489644152265,19,AutoARIMA_wFC,672,24
2024-12-09 07:00:00,60229.520080388305,19,AutoARIMA_wFC,672,24
2024-12-09 08:00:00,60780.983987036154,19,AutoARIMA_wFC,672,24
2024-12-09 09:00:00,61094.14497270141,19,AutoARIMA_wFC,672,24
2024-12-09 10:00:00,61175.72447208091,19,AutoARIMA_wFC,672,24
2024-12-09 11:00:00,61075.8557126871,19,AutoARIMA_wFC,672,24
2024-12-09 12:00:00,60846.06176266829,19,AutoARIMA_wFC,672,24
2024-12-09 13:00:00,60516.88148348326,19,AutoARIMA_wFC,672,24
2024-12-09 14:00:00,60133.41459955791,19,AutoARIMA_wFC,672,24
2024-12-09 15:00:00,59736.578991772185,19,AutoARIMA_wFC,672,24
2024-12-09 16:00:00,59372.717764609624,19,AutoARIMA_wFC,672,24
2024-12-09 17:00:00,59057.96871940374,19,AutoARIMA_wFC,672,24
2024-12-09 18:00:00,58812.0896816333,19,AutoARIMA_wFC,672,24
2024-12-09 19:00:00,58650.86514270123,19,AutoARIMA_wFC,672,24
2024-12-09 20:00:00,58554.2435484257,19,AutoARIMA_wFC,672,24
2024-12-09 21:00:00,58531.441856979,19,AutoARIMA_wFC,672,24
2024-12-09 22:00:00,58566.39661495567,19,AutoARIMA_wFC,672,24
2024-12-09 23:00:00,56366.016356304826,20,AutoARIMA_wFC,672,24
2024-12-10 00:00:00,54014.94150723557,20,AutoARIMA_wFC,672,24
2024-12-10 01:00:00,52752.15091244437,20,AutoARIMA_wFC,672,24
2024-12-10 02:00:00,52226.118165789245,20,AutoARIMA_wFC,672,24
2024-12-10 03:00:00,52335.13318005246,20,AutoARIMA_wFC,672,24
2024-12-10 04:00:00,52938.27666941623,20,AutoARIMA_wFC,672,24
2024-12-10 05:00:00,53890.26952620982,20,AutoARIMA_wFC,672,24
2024-12-10 06:00:00,55051.22571713279,20,AutoARIMA_wFC,672,24
2024-12-10 07:00:00,56295.867145904704,20,AutoARIMA_wFC,672,24
2024-12-10 08:00:00,57497.329407556965,20,AutoARIMA_wFC,672,24
2024-12-10 09:00:00,58585.76500744879,20,AutoARIMA_wFC,672,24
2024-12-10 10:00:00,59486.46715070196,20,AutoARIMA_wFC,672,24
2024-12-10 11:00:00,60172.505214272474,20,AutoARIMA_wFC,672,24
2024-12-10 12:00:00,60625.47471453559,20,AutoARIMA_wFC,672,24
2024-12-10 13:00:00,60866.31357178979,20,AutoARIMA_wFC,672,24
2024-12-10 14:00:00,60903.79849077684,20,AutoARIMA_wFC,672,24
2024-12-10 15:00:00,60787.79467216,20,AutoARIMA_wFC,672,24
2024-12-10 16:00:00,60549.94456352316,20,AutoARIMA_wFC,672,24
2024-12-10 17:00:00,60239.673799481316,20,AutoARIMA_wFC,672,24
2024-12-10 18:00:00,59889.57568588503,20,AutoARIMA_wFC,672,24
2024-12-10 19:00:00,59550.656372186015,20,AutoARIMA_wFC,672,24
2024-12-10 20:00:00,59235.504639057035,20,AutoARIMA_wFC,672,24
2024-12-10 21:00:00,58971.48519419454,20,AutoARIMA_wFC,672,24
2024-12-10 22:00:00,58762.89670544586,20,AutoARIMA_wFC,672,24
2024-12-10 23:00:00,54582.9832109635,21,AutoARIMA_wFC,672,24
2024-12-11 00:00:00,52654.05918826474,21,AutoARIMA_wFC,672,24
2024-12-11 01:00:00,52040.23834556488,21,AutoARIMA_wFC,672,24
2024-12-11 02:00:00,52101.645320522206,21,AutoARIMA_wFC,672,24
2024-12-11 03:00:00,52689.52940111379,21,AutoARIMA_wFC,672,24
2024-12-11 04:00:00,53570.07901519298,21,AutoARIMA_wFC,672,24
2024-12-11 05:00:00,54588.804819949786,21,AutoARIMA_wFC,672,24
2024-12-11 06:00:00,55525.981690729954,21,AutoARIMA_wFC,672,24
2024-12-11 07:00:00,56463.19487336823,21,AutoARIMA_wFC,672,24
2024-12-11 08:00:00,57232.93458462153,21,AutoARIMA_wFC,672,24
2024-12-11 09:00:00,57859.69494201779,21,AutoARIMA_wFC,672,24
2024-12-11 10:00:00,58359.79254240444,21,AutoARIMA_wFC,672,24
2024-12-11 11:00:00,58697.38205590494,21,AutoARIMA_wFC,672,24
2024-12-11 12:00:00,58960.6288754967,21,AutoARIMA_wFC,672,24
2024-12-11 13:00:00,58923.888037817946,21,AutoARIMA_wFC,672,24
2024-12-11 14:00:00,58871.114705016764,21,AutoARIMA_wFC,672,24
2024-12-11 15:00:00,58757.18877209158,21,AutoARIMA_wFC,672,24
2024-12-11 16:00:00,58610.23092100196,21,AutoARIMA_wFC,672,24
2024-12-11 17:00:00,58480.475422047864,21,AutoARIMA_wFC,672,24
2024-12-11 18:00:00,58355.37794938401,21,AutoARIMA_wFC,672,24
2024-12-11 19:00:00,58243.45639504385,21,AutoARIMA_wFC,672,24
2024-12-11 20:00:00,58149.74195705082,21,AutoARIMA_wFC,672,24
2024-12-11 21:00:00,58083.877120615245,21,AutoARIMA_wFC,672,24
2024-12-11 22:00:00,58039.21613563347,21,AutoARIMA_wFC,672,24
2024-12-11 23:00:00,55571.22803439846,22,AutoARIMA_wFC,672,24
2024-12-12 00:00:00,53955.88781553869,22,AutoARIMA_wFC,672,24
2024-12-12 01:00:00,53236.83270645489,22,AutoARIMA_wFC,672,24
2024-12-12 02:00:00,52958.74995651851,22,AutoARIMA_wFC,672,24
2024-12-12 03:00:00,53063.38550843241,22,AutoARIMA_wFC,672,24
2024-12-12 04:00:00,53433.09049756217,22,AutoARIMA_wFC,672,24
2024-12-12 05:00:00,53914.700566614614,22,AutoARIMA_wFC,672,24
2024-12-12 06:00:00,54333.64469130756,22,AutoARIMA_wFC,672,24
2024-12-12 07:00:00,55073.675677299834,22,AutoARIMA_wFC,672,24
2024-12-12 08:00:00,55621.81667816787,22,AutoARIMA_wFC,672,24
2024-12-12 09:00:00,56206.616623624635,22,AutoARIMA_wFC,672,24
2024-12-12 10:00:00,56678.26065351447,22,AutoARIMA_wFC,672,24
2024-12-12 11:00:00,57076.188365786904,22,AutoARIMA_wFC,672,24
2024-12-12 12:00:00,57433.35505563615,22,AutoARIMA_wFC,672,24
2024-12-12 13:00:00,57558.14974471385,22,AutoARIMA_wFC,672,24
2024-12-12 14:00:00,57574.065912277685,22,AutoARIMA_wFC,672,24
2024-12-12 15:00:00,57464.45981355601,22,AutoARIMA_wFC,672,24
2024-12-12 16:00:00,57355.418385109195,22,AutoARIMA_wFC,672,24
2024-12-12 17:00:00,57250.73039057011,22,AutoARIMA_wFC,672,24
2024-12-12 18:00:00,56904.27353263099,22,AutoARIMA_wFC,672,24
2024-12-12 19:00:00,56978.58837786567,22,AutoARIMA_wFC,672,24
2024-12-12 20:00:00,56851.71783744363,22,AutoARIMA_wFC,672,24
2024-12-12 21:00:00,56735.624054251544,22,AutoARIMA_wFC,672,24
2024-12-12 22:00:00,56605.94105973185,22,AutoARIMA_wFC,672,24
2024-12-12 23:00:00,54228.40856808753,23,AutoARIMA_wFC,672,24
2024-12-13 00:00:00,52676.910887981896,23,AutoARIMA_wFC,672,24
2024-12-13 01:00:00,52105.87075944131,23,AutoARIMA_wFC,672,24
2024-12-13 02:00:00,52164.76430609188,23,AutoARIMA_wFC,672,24
2024-12-13 03:00:00,52728.075865845705,23,AutoARIMA_wFC,672,24
2024-12-13 04:00:00,53652.258949494906,23,AutoARIMA_wFC,672,24
2024-12-13 05:00:00,54798.11709252405,23,AutoARIMA_wFC,672,24
2024-12-13 06:00:00,56032.19485640629,23,AutoARIMA_wFC,672,24
2024-12-13 07:00:00,57249.17593353952,23,AutoARIMA_wFC,672,24
2024-12-13 08:00:00,58356.009883036226,23,AutoARIMA_wFC,672,24
2024-12-13 09:00:00,59294.88904894129,23,AutoARIMA_wFC,672,24
2024-12-13 10:00:00,60024.581235186924,23,AutoARIMA_wFC,672,24
2024-12-13 11:00:00,60533.50577914386,23,AutoARIMA_wFC,672,24
2024-12-13 12:00:00,60831.930656330704,23,AutoARIMA_wFC,672,24
2024-12-13 13:00:00,60928.84019240154,23,AutoARIMA_wFC,672,24
2024-12-13 14:00:00,60859.112009582765,23,AutoARIMA_wFC,672,24
2024-12-13 15:00:00,60659.0929178238,23,AutoARIMA_wFC,672,24
2024-12-13 16:00:00,60375.44130214683,23,AutoARIMA_wFC,672,24
2024-12-13 17:00:00,60049.45267146789,23,AutoARIMA_wFC,672,24
2024-12-13 18:00:00,59708.80940782519,23,AutoARIMA_wFC,672,24
2024-12-13 19:00:00,59386.10658350514,23,AutoARIMA_wFC,672,24
2024-12-13 20:00:00,59102.37503251307,23,AutoARIMA_wFC,672,24
2024-12-13 21:00:00,58870.88927699058,23,AutoARIMA_wFC,672,24
2024-12-13 22:00:00,58700.04417206122,23,AutoARIMA_wFC,672,24
2024-12-13 23:00:00,54225.9828786782,24,AutoARIMA_wFC,672,24
2024-12-14 00:00:00,53636.5183649721,24,AutoARIMA_wFC,672,24
2024-12-14 01:00:00,53638.887984812776,24,AutoARIMA_wFC,672,24
2024-12-14 02:00:00,53794.61891536047,24,AutoARIMA_wFC,672,24
2024-12-14 03:00:00,54128.32189743551,24,AutoARIMA_wFC,672,24
2024-12-14 04:00:00,54483.85553740166,24,AutoARIMA_wFC,672,24
2024-12-14 05:00:00,54847.286999986085,24,AutoARIMA_wFC,672,24
2024-12-14 06:00:00,55147.753345939505,24,AutoARIMA_wFC,672,24
2024-12-14 07:00:00,55389.63469966379,24,AutoARIMA_wFC,672,24
2024-12-14 08:00:00,55811.951860593465,24,AutoARIMA_wFC,672,24
2024-12-14 09:00:00,56274.811148257446,24,AutoARIMA_wFC,672,24
2024-12-14 10:00:00,56724.09165768327,24,AutoARIMA_wFC,672,24
2024-12-14 11:00:00,57110.38194259634,24,AutoARIMA_wFC,672,24
2024-12-14 12:00:00,57450.030011416806,24,AutoARIMA_wFC,672,24
2024-12-14 13:00:00,57685.72825261729,24,AutoARIMA_wFC,672,24
2024-12-14 14:00:00,57833.734797653524,24,AutoARIMA_wFC,672,24
2024-12-14 15:00:00,57794.677742143846,24,AutoARIMA_wFC,672,24
2024-12-14 16:00:00,57796.333657719326,24,AutoARIMA_wFC,672,24
2024-12-14 17:00:00,57850.33284753229,24,AutoARIMA_wFC,672,24
2024-12-14 18:00:00,57923.439445110234,24,AutoARIMA_wFC,672,24
2024-12-14 19:00:00,57987.80671498409,24,AutoARIMA_wFC,672,24
2024-12-14 20:00:00,58056.483678355,24,AutoARIMA_wFC,672,24
2024-12-14 21:00:00,58015.19766631618,24,AutoARIMA_wFC,672,24
2024-12-14 22:00:00,58071.21965049509,24,AutoARIMA_wFC,672,24
2024-12-14 23:00:00,50497.233665388005,25,AutoARIMA_wFC,672,24
2024-12-15 00:00:00,49991.67091068754,25,AutoARIMA_wFC,672,24
2024-12-15 01:00:00,50388.56842134858,25,AutoARIMA_wFC,672,24
2024-12-15 02:00:00,51246.061206886465,25,AutoARIMA_wFC,672,24
2024-12-15 03:00:00,52306.87267231131,25,AutoARIMA_wFC,672,24
2024-12-15 04:00:00,53397.28760236429,25,AutoARIMA_wFC,672,24
2024-12-15 05:00:00,54445.132461612884,25,AutoARIMA_wFC,672,24
2024-12-15 06:00:00,55369.86569947064,25,AutoARIMA_wFC,672,24
2024-12-15 07:00:00,56170.613600668075,25,AutoARIMA_wFC,672,24
2024-12-15 08:00:00,56962.969700601774,25,AutoARIMA_wFC,672,24
2024-12-15 09:00:00,57676.789089021535,25,AutoARIMA_wFC,672,24
2024-12-15 10:00:00,58333.298540356576,25,AutoARIMA_wFC,672,24
2024-12-15 11:00:00,58849.00115322976,25,AutoARIMA_wFC,672,24
2024-12-15 12:00:00,59246.246280504776,25,AutoARIMA_wFC,672,24
2024-12-15 13:00:00,59510.5704906812,25,AutoARIMA_wFC,672,24
2024-12-15 14:00:00,59687.35900229974,25,AutoARIMA_wFC,672,24
2024-12-15 15:00:00,59758.27749726147,25,AutoARIMA_wFC,672,24
2024-12-15 16:00:00,59787.466847166805,25,AutoARIMA_wFC,672,24
2024-12-15 17:00:00,59937.05506952657,25,AutoARIMA_wFC,672,24
2024-12-15 18:00:00,60069.618166111715,25,AutoARIMA_wFC,672,24
2024-12-15 19:00:00,60215.50461699472,25,AutoARIMA_wFC,672,24
2024-12-15 20:00:00,60329.32874728159,25,AutoARIMA_wFC,672,24
2024-12-15 21:00:00,60492.97038395952,25,AutoARIMA_wFC,672,24
2024-12-15 22:00:00,60602.736808532914,25,AutoARIMA_wFC,672,24
2024-12-15 23:00:00,55088.362904289155,26,AutoARIMA_wFC,672,24
2024-12-16 00:00:00,55797.792149739194,26,AutoARIMA_wFC,672,24
2024-12-16 01:00:00,56583.8877418293,26,AutoARIMA_wFC,672,24
2024-12-16 02:00:00,57466.54902161411,26,AutoARIMA_wFC,672,24
2024-12-16 03:00:00,58325.65253626551,26,AutoARIMA_wFC,672,24
2024-12-16 04:00:00,59093.88130843641,26,AutoARIMA_wFC,672,24
2024-12-16 05:00:00,59792.7680903296,26,AutoARIMA_wFC,672,24
2024-12-16 06:00:00,60392.98798186959,26,AutoARIMA_wFC,672,24
2024-12-16 07:00:00,60866.302893335305,26,AutoARIMA_wFC,672,24
2024-12-16 08:00:00,61317.738931335785,26,AutoARIMA_wFC,672,24
2024-12-16 09:00:00,61751.10794493028,26,AutoARIMA_wFC,672,24
2024-12-16 10:00:00,62083.2569398837,26,AutoARIMA_wFC,672,24
2024-12-16 11:00:00,62432.79252610437,26,AutoARIMA_wFC,672,24
2024-12-16 12:00:00,62695.81278287522,26,AutoARIMA_wFC,672,24
2024-12-16 13:00:00,62744.31765103227,26,AutoARIMA_wFC,672,24
2024-12-16 14:00:00,62852.92847669231,26,AutoARIMA_wFC,672,24
2024-12-16 15:00:00,62741.028752160964,26,AutoARIMA_wFC,672,24
2024-12-16 16:00:00,62579.66289053551,26,AutoARIMA_wFC,672,24
2024-12-16 17:00:00,62512.745823909805,26,AutoARIMA_wFC,672,24
2024-12-16 18:00:00,62377.03090677899,26,AutoARIMA_wFC,672,24
2024-12-16 19:00:00,62305.035661515954,26,AutoARIMA_wFC,672,24
2024-12-16 20:00:00,62213.656741438484,26,AutoARIMA_wFC,672,24
2024-12-16 21:00:00,62126.85695847128,26,AutoARIMA_wFC,672,24
2024-12-16 22:00:00,62061.73633521198,26,AutoARIMA_wFC,672,24
2024-12-16 23:00:00,55359.14047224071,27,AutoARIMA_wFC,672,24
2024-12-17 00:00:00,53424.56238177226,27,AutoARIMA_wFC,672,24
2024-12-17 01:00:00,52735.33053512085,27,AutoARIMA_wFC,672,24
2024-12-17 02:00:00,52851.050696037266,27,AutoARIMA_wFC,672,24
2024-12-17 03:00:00,53508.952274155876,27,AutoARIMA_wFC,672,24
2024-12-17 04:00:00,54546.088574707464,27,AutoARIMA_wFC,672,24
2024-12-17 05:00:00,55713.2105450065,27,AutoARIMA_wFC,672,24
2024-12-17 06:00:00,56890.440036964945,27,AutoARIMA_wFC,672,24
2024-12-17 07:00:00,57947.49076961905,27,AutoARIMA_wFC,672,24
2024-12-17 08:00:00,58877.48359332261,27,AutoARIMA_wFC,672,24
2024-12-17 09:00:00,59621.32607502711,27,AutoARIMA_wFC,672,24
2024-12-17 10:00:00,60172.20160195154,27,AutoARIMA_wFC,672,24
2024-12-17 11:00:00,60528.602202883354,27,AutoARIMA_wFC,672,24
2024-12-17 12:00:00,60708.81912800133,27,AutoARIMA_wFC,672,24
2024-12-17 13:00:00,60765.83604411373,27,AutoARIMA_wFC,672,24
2024-12-17 14:00:00,60694.18173736978,27,AutoARIMA_wFC,672,24
2024-12-17 15:00:00,60539.7578632513,27,AutoARIMA_wFC,672,24
2024-12-17 16:00:00,60353.13036590017,27,AutoARIMA_wFC,672,24
2024-12-17 17:00:00,60170.072666713444,27,AutoARIMA_wFC,672,24
2024-12-17 18:00:00,59992.29909696535,27,AutoARIMA_wFC,672,24
2024-12-17 19:00:00,59821.18812215516,27,AutoARIMA_wFC,672,24
2024-12-17 20:00:00,59707.61763103797,27,AutoARIMA_wFC,672,24
2024-12-17 21:00:00,59599.71737117557,27,AutoARIMA_wFC,672,24
2024-12-17 22:00:00,59527.19053870512,27,AutoARIMA_wFC,672,24
2024-12-17 23:00:00,51350.27137697218,28,AutoARIMA_wFC,672,24
2024-12-18 00:00:00,49957.183789916526,28,AutoARIMA_wFC,672,24
2024-12-18 01:00:00,49852.06860211643,28,AutoARIMA_wFC,672,24
2024-12-18 02:00:00,50472.510149667825,28,AutoARIMA_wFC,672,24
2024-12-18 03:00:00,51629.4065092282,28,AutoARIMA_wFC,672,24
2024-12-18 04:00:00,53110.48359840432,28,AutoARIMA_wFC,672,24
2024-12-18 05:00:00,54741.95505938926,28,AutoARIMA_wFC,672,24
2024-12-18 06:00:00,56367.54565431387,28,AutoARIMA_wFC,672,24
2024-12-18 07:00:00,57862.64544891626,28,AutoARIMA_wFC,672,24
2024-12-18 08:00:00,59137.7090206163,28,AutoARIMA_wFC,672,24
2024-12-18 09:00:00,60102.02153867125,28,AutoARIMA_wFC,672,24
2024-12-18 10:00:00,60773.05461450249,28,AutoARIMA_wFC,672,24
2024-12-18 11:00:00,61159.71683247329,28,AutoARIMA_wFC,672,24
2024-12-18 12:00:00,61276.27859811291,28,AutoARIMA_wFC,672,24
2024-12-18 13:00:00,61194.54183002007,28,AutoARIMA_wFC,672,24
2024-12-18 14:00:00,60953.739113730844,28,AutoARIMA_wFC,672,24
2024-12-18 15:00:00,60630.208647529886,28,AutoARIMA_wFC,672,24
2024-12-18 16:00:00,60228.93210732052,28,AutoARIMA_wFC,672,24
2024-12-18 17:00:00,59795.24930246646,28,AutoARIMA_wFC,672,24
2024-12-18 18:00:00,59387.701141109435,28,AutoARIMA_wFC,672,24
2024-12-18 19:00:00,59016.372386690244,28,AutoARIMA_wFC,672,24
2024-12-18 20:00:00,58715.7302559464,28,AutoARIMA_wFC,672,24
2024-12-18 21:00:00,58500.85937555123,28,AutoARIMA_wFC,672,24
2024-12-18 22:00:00,58363.68485159796,28,AutoARIMA_wFC,672,24
2024-12-18 23:00:00,51733.74830651858,29,AutoARIMA_wFC,672,24
2024-12-19 00:00:00,50047.11970887927,29,AutoARIMA_wFC,672,24
2024-12-19 01:00:00,50000.19664505868,29,AutoARIMA_wFC,672,24
2024-12-19 02:00:00,50953.157034337724,29,AutoARIMA_wFC,672,24
2024-12-19 03:00:00,52514.06431314684,29,AutoARIMA_wFC,672,24
2024-12-19 04:00:00,54285.35573260671,29,AutoARIMA_wFC,672,24
2024-12-19 05:00:00,56210.61867993988,29,AutoARIMA_wFC,672,24
2024-12-19 06:00:00,58032.612246266915,29,AutoARIMA_wFC,672,24
2024-12-19 07:00:00,59594.09337139076,29,AutoARIMA_wFC,672,24
2024-12-19 08:00:00,60797.82560747407,29,AutoARIMA_wFC,672,24
2024-12-19 09:00:00,61828.85715638708,29,AutoARIMA_wFC,672,24
2024-12-19 10:00:00,62508.5086549305,29,AutoARIMA_wFC,672,24
2024-12-19 11:00:00,62974.09961986903,29,AutoARIMA_wFC,672,24
2024-12-19 12:00:00,63099.48923152988,29,AutoARIMA_wFC,672,24
2024-12-19 13:00:00,62991.57250678014,29,AutoARIMA_wFC,672,24
2024-12-19 14:00:00,62555.68909847086,29,AutoARIMA_wFC,672,24
2024-12-19 15:00:00,62152.466653900585,29,AutoARIMA_wFC,672,24
2024-12-19 16:00:00,61547.72686080853,29,AutoARIMA_wFC,672,24
2024-12-19 17:00:00,61035.5854703838,29,AutoARIMA_wFC,672,24
2024-12-19 18:00:00,60490.21646115105,29,AutoARIMA_wFC,672,24
2024-12-19 19:00:00,59996.532880001745,29,AutoARIMA_wFC,672,24
2024-12-19 20:00:00,59588.817384004695,29,AutoARIMA_wFC,672,24
2024-12-19 21:00:00,59303.70922818394,29,AutoARIMA_wFC,672,24
2024-12-19 22:00:00,59133.6693826923,29,AutoARIMA_wFC,672,24
2024-12-19 23:00:00,53121.83274370723,30,AutoARIMA_wFC,672,24
2024-12-20 00:00:00,51769.02153603107,30,AutoARIMA_wFC,672,24
2024-12-20 01:00:00,51658.099134107906,30,AutoARIMA_wFC,672,24
2024-12-20 02:00:00,52170.32911184972,30,AutoARIMA_wFC,672,24
2024-12-20 03:00:00,53051.63452972505,30,AutoARIMA_wFC,672,24
2024-12-20 04:00:00,54046.67070520055,30,AutoARIMA_wFC,672,24
2024-12-20 05:00:00,55091.96084219158,30,AutoARIMA_wFC,672,24
2024-12-20 06:00:00,55980.58574562853,30,AutoARIMA_wFC,672,24
2024-12-20 07:00:00,56778.37350831188,30,AutoARIMA_wFC,672,24
2024-12-20 08:00:00,57460.84137986899,30,AutoARIMA_wFC,672,24
2024-12-20 09:00:00,58113.48911526869,30,AutoARIMA_wFC,672,24
2024-12-20 10:00:00,58749.923490932444,30,AutoARIMA_wFC,672,24
2024-12-20 11:00:00,59202.11867441465,30,AutoARIMA_wFC,672,24
2024-12-20 12:00:00,59453.2249205736,30,AutoARIMA_wFC,672,24
2024-12-20 13:00:00,59494.72518764509,30,AutoARIMA_wFC,672,24
2024-12-20 14:00:00,59352.05718659771,30,AutoARIMA_wFC,672,24
2024-12-20 15:00:00,59116.20417536005,30,AutoARIMA_wFC,672,24
2024-12-20 16:00:00,58755.33080059606,30,AutoARIMA_wFC,672,24
2024-12-20 17:00:00,58540.74761761073,30,AutoARIMA_wFC,672,24
2024-12-20 18:00:00,58303.969586622654,30,AutoARIMA_wFC,672,24
2024-12-20 19:00:00,58149.87410141231,30,AutoARIMA_wFC,672,24
2024-12-20 20:00:00,58031.13877223758,30,AutoARIMA_wFC,672,24
2024-12-20 21:00:00,58022.74584288226,30,AutoARIMA_wFC,672,24
2024-12-20 22:00:00,57969.97327930905,30,AutoARIMA_wFC,672,24
