timestamp,forecast,model_name,split,training_horizon,forecast_horizon
2024-11-20 23:00:00,52773.812,BiLSTMwFC,1,2688,24
2024-11-21 00:00:00,50123.41,BiLSTMwFC,1,2688,24
2024-11-21 01:00:00,48444.555,BiLSTMwFC,1,2688,24
2024-11-21 02:00:00,47683.914,BiLSTMwFC,1,2688,24
2024-11-21 03:00:00,48368.98,BiLSTMwFC,1,2688,24
2024-11-21 04:00:00,50241.535,BiLSTMwFC,1,2688,24
2024-11-21 05:00:00,54507.58,BiLSTMwFC,1,2688,24
2024-11-21 06:00:00,60830.15,BiLSTMwFC,1,2688,24
2024-11-21 07:00:00,64046.625,BiLSTMwFC,1,2688,24
2024-11-21 08:00:00,67634.62,BiLSTMwFC,1,2688,24
2024-11-21 09:00:00,68899.27,BiLSTMwFC,1,2688,24
2024-11-21 10:00:00,70722.44,BiLSTMwFC,1,2688,24
2024-11-21 11:00:00,71459.04,BiLSTMwFC,1,2688,24
2024-11-21 12:00:00,70148.266,BiLSTMwFC,1,2688,24
2024-11-21 13:00:00,69681.72,BiLSTMwFC,1,2688,24
2024-11-21 14:00:00,66924.14,BiLSTMwFC,1,2688,24
2024-11-21 15:00:00,66090.98,BiLSTMwFC,1,2688,24
2024-11-21 16:00:00,65652.875,BiLSTMwFC,1,2688,24
2024-11-21 17:00:00,67413.38,BiLSTMwFC,1,2688,24
2024-11-21 18:00:00,70125.12,BiLSTMwFC,1,2688,24
2024-11-21 19:00:00,68425.54,BiLSTMwFC,1,2688,24
2024-11-21 20:00:00,64260.41,BiLSTMwFC,1,2688,24
2024-11-21 21:00:00,60824.465,BiLSTMwFC,1,2688,24
2024-11-21 22:00:00,57266.973,BiLSTMwFC,1,2688,24
2024-11-21 23:00:00,54159.16,BiLSTMwFC,2,2688,24
2024-11-22 00:00:00,51422.676,BiLSTMwFC,2,2688,24
2024-11-22 01:00:00,49650.1,BiLSTMwFC,2,2688,24
2024-11-22 02:00:00,48061.68,BiLSTMwFC,2,2688,24
2024-11-22 03:00:00,49446.7,BiLSTMwFC,2,2688,24
2024-11-22 04:00:00,50599.61,BiLSTMwFC,2,2688,24
2024-11-22 05:00:00,53524.305,BiLSTMwFC,2,2688,24
2024-11-22 06:00:00,60101.18,BiLSTMwFC,2,2688,24
2024-11-22 07:00:00,63013.13,BiLSTMwFC,2,2688,24
2024-11-22 08:00:00,67309.66,BiLSTMwFC,2,2688,24
2024-11-22 09:00:00,68296.19,BiLSTMwFC,2,2688,24
2024-11-22 10:00:00,69978.32,BiLSTMwFC,2,2688,24
2024-11-22 11:00:00,70667.75,BiLSTMwFC,2,2688,24
2024-11-22 12:00:00,69754.85,BiLSTMwFC,2,2688,24
2024-11-22 13:00:00,69327.01,BiLSTMwFC,2,2688,24
2024-11-22 14:00:00,66212.37,BiLSTMwFC,2,2688,24
2024-11-22 15:00:00,65212.84,BiLSTMwFC,2,2688,24
2024-11-22 16:00:00,65700.81,BiLSTMwFC,2,2688,24
2024-11-22 17:00:00,65837.21,BiLSTMwFC,2,2688,24
2024-11-22 18:00:00,69285.086,BiLSTMwFC,2,2688,24
2024-11-22 19:00:00,68250.1,BiLSTMwFC,2,2688,24
2024-11-22 20:00:00,64595.77,BiLSTMwFC,2,2688,24
2024-11-22 21:00:00,60480.715,BiLSTMwFC,2,2688,24
2024-11-22 22:00:00,57822.797,BiLSTMwFC,2,2688,24
2024-11-22 23:00:00,53075.254,BiLSTMwFC,3,2688,24
2024-11-23 00:00:00,49871.105,BiLSTMwFC,3,2688,24
2024-11-23 01:00:00,48239.4,BiLSTMwFC,3,2688,24
2024-11-23 02:00:00,45844.754,BiLSTMwFC,3,2688,24
2024-11-23 03:00:00,46031.32,BiLSTMwFC,3,2688,24
2024-11-23 04:00:00,45431.074,BiLSTMwFC,3,2688,24
2024-11-23 05:00:00,44200.332,BiLSTMwFC,3,2688,24
2024-11-23 06:00:00,48497.066,BiLSTMwFC,3,2688,24
2024-11-23 07:00:00,50397.215,BiLSTMwFC,3,2688,24
2024-11-23 08:00:00,56845.348,BiLSTMwFC,3,2688,24
2024-11-23 09:00:00,59484.31,BiLSTMwFC,3,2688,24
2024-11-23 10:00:00,60407.246,BiLSTMwFC,3,2688,24
2024-11-23 11:00:00,61997.652,BiLSTMwFC,3,2688,24
2024-11-23 12:00:00,61685.715,BiLSTMwFC,3,2688,24
2024-11-23 13:00:00,60034.246,BiLSTMwFC,3,2688,24
2024-11-23 14:00:00,57763.24,BiLSTMwFC,3,2688,24
2024-11-23 15:00:00,55959.883,BiLSTMwFC,3,2688,24
2024-11-23 16:00:00,57939.785,BiLSTMwFC,3,2688,24
2024-11-23 17:00:00,59080.754,BiLSTMwFC,3,2688,24
2024-11-23 18:00:00,62483.49,BiLSTMwFC,3,2688,24
2024-11-23 19:00:00,62788.758,BiLSTMwFC,3,2688,24
2024-11-23 20:00:00,58391.71,BiLSTMwFC,3,2688,24
2024-11-23 21:00:00,55502.34,BiLSTMwFC,3,2688,24
2024-11-23 22:00:00,53894.53,BiLSTMwFC,3,2688,24
2024-11-23 23:00:00,49821.87,BiLSTMwFC,4,2688,24
2024-11-24 00:00:00,46879.32,BiLSTMwFC,4,2688,24
2024-11-24 01:00:00,45646.02,BiLSTMwFC,4,2688,24
2024-11-24 02:00:00,43018.81,BiLSTMwFC,4,2688,24
2024-11-24 03:00:00,43223.613,BiLSTMwFC,4,2688,24
2024-11-24 04:00:00,43659.062,BiLSTMwFC,4,2688,24
2024-11-24 05:00:00,42385.13,BiLSTMwFC,4,2688,24
2024-11-24 06:00:00,45760.496,BiLSTMwFC,4,2688,24
2024-11-24 07:00:00,48230.074,BiLSTMwFC,4,2688,24
2024-11-24 08:00:00,53697.402,BiLSTMwFC,4,2688,24
2024-11-24 09:00:00,56555.555,BiLSTMwFC,4,2688,24
2024-11-24 10:00:00,58708.516,BiLSTMwFC,4,2688,24
2024-11-24 11:00:00,59859.816,BiLSTMwFC,4,2688,24
2024-11-24 12:00:00,59358.133,BiLSTMwFC,4,2688,24
2024-11-24 13:00:00,57213.55,BiLSTMwFC,4,2688,24
2024-11-24 14:00:00,55802.777,BiLSTMwFC,4,2688,24
2024-11-24 15:00:00,54854.53,BiLSTMwFC,4,2688,24
2024-11-24 16:00:00,55182.812,BiLSTMwFC,4,2688,24
2024-11-24 17:00:00,59067.926,BiLSTMwFC,4,2688,24
2024-11-24 18:00:00,62206.51,BiLSTMwFC,4,2688,24
2024-11-24 19:00:00,60977.887,BiLSTMwFC,4,2688,24
2024-11-24 20:00:00,58126.3,BiLSTMwFC,4,2688,24
2024-11-24 21:00:00,55732.523,BiLSTMwFC,4,2688,24
2024-11-24 22:00:00,53672.418,BiLSTMwFC,4,2688,24
2024-11-24 23:00:00,48958.918,BiLSTMwFC,5,2688,24
2024-11-25 00:00:00,47659.703,BiLSTMwFC,5,2688,24
2024-11-25 01:00:00,47108.758,BiLSTMwFC,5,2688,24
2024-11-25 02:00:00,44153.867,BiLSTMwFC,5,2688,24
2024-11-25 03:00:00,44912.8,BiLSTMwFC,5,2688,24
2024-11-25 04:00:00,48829.9,BiLSTMwFC,5,2688,24
2024-11-25 05:00:00,53624.53,BiLSTMwFC,5,2688,24
2024-11-25 06:00:00,60989.605,BiLSTMwFC,5,2688,24
2024-11-25 07:00:00,65879.89,BiLSTMwFC,5,2688,24
2024-11-25 08:00:00,68443.45,BiLSTMwFC,5,2688,24
2024-11-25 09:00:00,70322.46,BiLSTMwFC,5,2688,24
2024-11-25 10:00:00,69931.31,BiLSTMwFC,5,2688,24
2024-11-25 11:00:00,70317.32,BiLSTMwFC,5,2688,24
2024-11-25 12:00:00,70434.11,BiLSTMwFC,5,2688,24
2024-11-25 13:00:00,69022.52,BiLSTMwFC,5,2688,24
2024-11-25 14:00:00,68485.38,BiLSTMwFC,5,2688,24
2024-11-25 15:00:00,66016.61,BiLSTMwFC,5,2688,24
2024-11-25 16:00:00,65396.34,BiLSTMwFC,5,2688,24
2024-11-25 17:00:00,67514.65,BiLSTMwFC,5,2688,24
2024-11-25 18:00:00,69120.04,BiLSTMwFC,5,2688,24
2024-11-25 19:00:00,67033.46,BiLSTMwFC,5,2688,24
2024-11-25 20:00:00,63195.02,BiLSTMwFC,5,2688,24
2024-11-25 21:00:00,58163.957,BiLSTMwFC,5,2688,24
2024-11-25 22:00:00,55157.65,BiLSTMwFC,5,2688,24
2024-11-25 23:00:00,50212.29,BiLSTMwFC,6,2688,24
2024-11-26 00:00:00,49085.156,BiLSTMwFC,6,2688,24
2024-11-26 01:00:00,48061.02,BiLSTMwFC,6,2688,24
2024-11-26 02:00:00,46663.754,BiLSTMwFC,6,2688,24
2024-11-26 03:00:00,47478.777,BiLSTMwFC,6,2688,24
2024-11-26 04:00:00,49998.36,BiLSTMwFC,6,2688,24
2024-11-26 05:00:00,55255.746,BiLSTMwFC,6,2688,24
2024-11-26 06:00:00,61585.402,BiLSTMwFC,6,2688,24
2024-11-26 07:00:00,66120.68,BiLSTMwFC,6,2688,24
2024-11-26 08:00:00,68138.016,BiLSTMwFC,6,2688,24
2024-11-26 09:00:00,69444.51,BiLSTMwFC,6,2688,24
2024-11-26 10:00:00,69603.766,BiLSTMwFC,6,2688,24
2024-11-26 11:00:00,69858.69,BiLSTMwFC,6,2688,24
2024-11-26 12:00:00,68454.766,BiLSTMwFC,6,2688,24
2024-11-26 13:00:00,68647.375,BiLSTMwFC,6,2688,24
2024-11-26 14:00:00,66500.39,BiLSTMwFC,6,2688,24
2024-11-26 15:00:00,63664.324,BiLSTMwFC,6,2688,24
2024-11-26 16:00:00,65125.582,BiLSTMwFC,6,2688,24
2024-11-26 17:00:00,65805.43,BiLSTMwFC,6,2688,24
2024-11-26 18:00:00,67629.71,BiLSTMwFC,6,2688,24
2024-11-26 19:00:00,66789.26,BiLSTMwFC,6,2688,24
2024-11-26 20:00:00,61801.32,BiLSTMwFC,6,2688,24
2024-11-26 21:00:00,58408.812,BiLSTMwFC,6,2688,24
2024-11-26 22:00:00,54826.35,BiLSTMwFC,6,2688,24
2024-11-26 23:00:00,50006.19,BiLSTMwFC,7,2688,24
2024-11-27 00:00:00,48388.22,BiLSTMwFC,7,2688,24
2024-11-27 01:00:00,47075.176,BiLSTMwFC,7,2688,24
2024-11-27 02:00:00,46318.64,BiLSTMwFC,7,2688,24
2024-11-27 03:00:00,46953.805,BiLSTMwFC,7,2688,24
2024-11-27 04:00:00,49467.152,BiLSTMwFC,7,2688,24
2024-11-27 05:00:00,54671.984,BiLSTMwFC,7,2688,24
2024-11-27 06:00:00,60838.074,BiLSTMwFC,7,2688,24
2024-11-27 07:00:00,64723.844,BiLSTMwFC,7,2688,24
2024-11-27 08:00:00,66804.664,BiLSTMwFC,7,2688,24
2024-11-27 09:00:00,68172.65,BiLSTMwFC,7,2688,24
2024-11-27 10:00:00,69208.02,BiLSTMwFC,7,2688,24
2024-11-27 11:00:00,69347.09,BiLSTMwFC,7,2688,24
2024-11-27 12:00:00,67815.32,BiLSTMwFC,7,2688,24
2024-11-27 13:00:00,67775.88,BiLSTMwFC,7,2688,24
2024-11-27 14:00:00,65368.945,BiLSTMwFC,7,2688,24
2024-11-27 15:00:00,64110.527,BiLSTMwFC,7,2688,24
2024-11-27 16:00:00,64152.473,BiLSTMwFC,7,2688,24
2024-11-27 17:00:00,65718.2,BiLSTMwFC,7,2688,24
2024-11-27 18:00:00,67158.234,BiLSTMwFC,7,2688,24
2024-11-27 19:00:00,65261.2,BiLSTMwFC,7,2688,24
2024-11-27 20:00:00,61198.527,BiLSTMwFC,7,2688,24
2024-11-27 21:00:00,57906.527,BiLSTMwFC,7,2688,24
2024-11-27 22:00:00,54154.746,BiLSTMwFC,7,2688,24
2024-11-27 23:00:00,51389.25,BiLSTMwFC,8,2688,24
2024-11-28 00:00:00,48932.98,BiLSTMwFC,8,2688,24
2024-11-28 01:00:00,48019.605,BiLSTMwFC,8,2688,24
2024-11-28 02:00:00,47231.426,BiLSTMwFC,8,2688,24
2024-11-28 03:00:00,47803.43,BiLSTMwFC,8,2688,24
2024-11-28 04:00:00,49854.64,BiLSTMwFC,8,2688,24
2024-11-28 05:00:00,54631.35,BiLSTMwFC,8,2688,24
2024-11-28 06:00:00,60690.55,BiLSTMwFC,8,2688,24
2024-11-28 07:00:00,63570.316,BiLSTMwFC,8,2688,24
2024-11-28 08:00:00,66675.87,BiLSTMwFC,8,2688,24
2024-11-28 09:00:00,68226.48,BiLSTMwFC,8,2688,24
2024-11-28 10:00:00,69830.125,BiLSTMwFC,8,2688,24
2024-11-28 11:00:00,70347.195,BiLSTMwFC,8,2688,24
2024-11-28 12:00:00,68628.47,BiLSTMwFC,8,2688,24
2024-11-28 13:00:00,67877.38,BiLSTMwFC,8,2688,24
2024-11-28 14:00:00,65780.695,BiLSTMwFC,8,2688,24
2024-11-28 15:00:00,64541.246,BiLSTMwFC,8,2688,24
2024-11-28 16:00:00,64468.707,BiLSTMwFC,8,2688,24
2024-11-28 17:00:00,66281.41,BiLSTMwFC,8,2688,24
2024-11-28 18:00:00,67680.625,BiLSTMwFC,8,2688,24
2024-11-28 19:00:00,65996.88,BiLSTMwFC,8,2688,24
2024-11-28 20:00:00,61862.03,BiLSTMwFC,8,2688,24
2024-11-28 21:00:00,58874.258,BiLSTMwFC,8,2688,24
2024-11-28 22:00:00,54616.965,BiLSTMwFC,8,2688,24
2024-11-28 23:00:00,52720.26,BiLSTMwFC,9,2688,24
2024-11-29 00:00:00,50143.195,BiLSTMwFC,9,2688,24
2024-11-29 01:00:00,48550.492,BiLSTMwFC,9,2688,24
2024-11-29 02:00:00,47275.668,BiLSTMwFC,9,2688,24
2024-11-29 03:00:00,48446.65,BiLSTMwFC,9,2688,24
2024-11-29 04:00:00,50425.305,BiLSTMwFC,9,2688,24
2024-11-29 05:00:00,53950.316,BiLSTMwFC,9,2688,24
2024-11-29 06:00:00,60056.742,BiLSTMwFC,9,2688,24
2024-11-29 07:00:00,63029.33,BiLSTMwFC,9,2688,24
2024-11-29 08:00:00,66644.3,BiLSTMwFC,9,2688,24
2024-11-29 09:00:00,67885.96,BiLSTMwFC,9,2688,24
2024-11-29 10:00:00,69210.92,BiLSTMwFC,9,2688,24
2024-11-29 11:00:00,69511.664,BiLSTMwFC,9,2688,24
2024-11-29 12:00:00,68443.48,BiLSTMwFC,9,2688,24
2024-11-29 13:00:00,67769.26,BiLSTMwFC,9,2688,24
2024-11-29 14:00:00,65186.758,BiLSTMwFC,9,2688,24
2024-11-29 15:00:00,64365.605,BiLSTMwFC,9,2688,24
2024-11-29 16:00:00,64402.52,BiLSTMwFC,9,2688,24
2024-11-29 17:00:00,65150.14,BiLSTMwFC,9,2688,24
2024-11-29 18:00:00,67464.266,BiLSTMwFC,9,2688,24
2024-11-29 19:00:00,65768.77,BiLSTMwFC,9,2688,24
2024-11-29 20:00:00,62435.664,BiLSTMwFC,9,2688,24
2024-11-29 21:00:00,58505.965,BiLSTMwFC,9,2688,24
2024-11-29 22:00:00,55393.92,BiLSTMwFC,9,2688,24
2024-11-29 23:00:00,50899.934,BiLSTMwFC,10,2688,24
2024-11-30 00:00:00,47956.863,BiLSTMwFC,10,2688,24
2024-11-30 01:00:00,46311.1,BiLSTMwFC,10,2688,24
2024-11-30 02:00:00,44438.754,BiLSTMwFC,10,2688,24
2024-11-30 03:00:00,44479.09,BiLSTMwFC,10,2688,24
2024-11-30 04:00:00,44669.324,BiLSTMwFC,10,2688,24
2024-11-30 05:00:00,43860.57,BiLSTMwFC,10,2688,24
2024-11-30 06:00:00,47460.914,BiLSTMwFC,10,2688,24
2024-11-30 07:00:00,49703.918,BiLSTMwFC,10,2688,24
2024-11-30 08:00:00,55606.152,BiLSTMwFC,10,2688,24
2024-11-30 09:00:00,58095.41,BiLSTMwFC,10,2688,24
2024-11-30 10:00:00,59449.91,BiLSTMwFC,10,2688,24
2024-11-30 11:00:00,60193.57,BiLSTMwFC,10,2688,24
2024-11-30 12:00:00,59784.426,BiLSTMwFC,10,2688,24
2024-11-30 13:00:00,57783.3,BiLSTMwFC,10,2688,24
2024-11-30 14:00:00,55760.656,BiLSTMwFC,10,2688,24
2024-11-30 15:00:00,55089.78,BiLSTMwFC,10,2688,24
2024-11-30 16:00:00,55974.17,BiLSTMwFC,10,2688,24
2024-11-30 17:00:00,58017.01,BiLSTMwFC,10,2688,24
2024-11-30 18:00:00,60026.3,BiLSTMwFC,10,2688,24
2024-11-30 19:00:00,59731.957,BiLSTMwFC,10,2688,24
2024-11-30 20:00:00,55887.46,BiLSTMwFC,10,2688,24
2024-11-30 21:00:00,53403.86,BiLSTMwFC,10,2688,24
2024-11-30 22:00:00,51636.34,BiLSTMwFC,10,2688,24
2024-11-30 23:00:00,48167.824,BiLSTMwFC,11,2688,24
2024-12-01 00:00:00,45277.215,BiLSTMwFC,11,2688,24
2024-12-01 01:00:00,43892.574,BiLSTMwFC,11,2688,24
2024-12-01 02:00:00,41814.72,BiLSTMwFC,11,2688,24
2024-12-01 03:00:00,42208.645,BiLSTMwFC,11,2688,24
2024-12-01 04:00:00,42785.305,BiLSTMwFC,11,2688,24
2024-12-01 05:00:00,41771.695,BiLSTMwFC,11,2688,24
2024-12-01 06:00:00,44814.35,BiLSTMwFC,11,2688,24
2024-12-01 07:00:00,47238.96,BiLSTMwFC,11,2688,24
2024-12-01 08:00:00,52432.094,BiLSTMwFC,11,2688,24
2024-12-01 09:00:00,55220.598,BiLSTMwFC,11,2688,24
2024-12-01 10:00:00,57472.113,BiLSTMwFC,11,2688,24
2024-12-01 11:00:00,58267.22,BiLSTMwFC,11,2688,24
2024-12-01 12:00:00,57889.31,BiLSTMwFC,11,2688,24
2024-12-01 13:00:00,55443.953,BiLSTMwFC,11,2688,24
2024-12-01 14:00:00,53875.918,BiLSTMwFC,11,2688,24
2024-12-01 15:00:00,54009.04,BiLSTMwFC,11,2688,24
2024-12-01 16:00:00,53659.26,BiLSTMwFC,11,2688,24
2024-12-01 17:00:00,57864.734,BiLSTMwFC,11,2688,24
2024-12-01 18:00:00,60574.438,BiLSTMwFC,11,2688,24
2024-12-01 19:00:00,58813.547,BiLSTMwFC,11,2688,24
2024-12-01 20:00:00,56387.76,BiLSTMwFC,11,2688,24
2024-12-01 21:00:00,54292.816,BiLSTMwFC,11,2688,24
2024-12-01 22:00:00,52342.32,BiLSTMwFC,11,2688,24
2024-12-01 23:00:00,49638.86,BiLSTMwFC,12,2688,24
2024-12-02 00:00:00,47960.258,BiLSTMwFC,12,2688,24
2024-12-02 01:00:00,46598.863,BiLSTMwFC,12,2688,24
2024-12-02 02:00:00,43998.477,BiLSTMwFC,12,2688,24
2024-12-02 03:00:00,45067.68,BiLSTMwFC,12,2688,24
2024-12-02 04:00:00,48617.48,BiLSTMwFC,12,2688,24
2024-12-02 05:00:00,52535.09,BiLSTMwFC,12,2688,24
2024-12-02 06:00:00,59868.97,BiLSTMwFC,12,2688,24
2024-12-02 07:00:00,64894.96,BiLSTMwFC,12,2688,24
2024-12-02 08:00:00,68403.25,BiLSTMwFC,12,2688,24
2024-12-02 09:00:00,69961.62,BiLSTMwFC,12,2688,24
2024-12-02 10:00:00,69948.375,BiLSTMwFC,12,2688,24
2024-12-02 11:00:00,70851.85,BiLSTMwFC,12,2688,24
2024-12-02 12:00:00,71345.98,BiLSTMwFC,12,2688,24
2024-12-02 13:00:00,69722.29,BiLSTMwFC,12,2688,24
2024-12-02 14:00:00,68342.836,BiLSTMwFC,12,2688,24
2024-12-02 15:00:00,66902.08,BiLSTMwFC,12,2688,24
2024-12-02 16:00:00,65580.99,BiLSTMwFC,12,2688,24
2024-12-02 17:00:00,68104.984,BiLSTMwFC,12,2688,24
2024-12-02 18:00:00,70910.17,BiLSTMwFC,12,2688,24
2024-12-02 19:00:00,68517.16,BiLSTMwFC,12,2688,24
2024-12-02 20:00:00,64697.582,BiLSTMwFC,12,2688,24
2024-12-02 21:00:00,59293.312,BiLSTMwFC,12,2688,24
2024-12-02 22:00:00,57333.168,BiLSTMwFC,12,2688,24
2024-12-02 23:00:00,52316.004,BiLSTMwFC,13,2688,24
2024-12-03 00:00:00,51288.293,BiLSTMwFC,13,2688,24
2024-12-03 01:00:00,48917.004,BiLSTMwFC,13,2688,24
2024-12-03 02:00:00,47343.61,BiLSTMwFC,13,2688,24
2024-12-03 03:00:00,48121.145,BiLSTMwFC,13,2688,24
2024-12-03 04:00:00,50691.605,BiLSTMwFC,13,2688,24
2024-12-03 05:00:00,55154.133,BiLSTMwFC,13,2688,24
2024-12-03 06:00:00,61953.258,BiLSTMwFC,13,2688,24
2024-12-03 07:00:00,67214.53,BiLSTMwFC,13,2688,24
2024-12-03 08:00:00,70021.48,BiLSTMwFC,13,2688,24
2024-12-03 09:00:00,70940.836,BiLSTMwFC,13,2688,24
2024-12-03 10:00:00,71839.77,BiLSTMwFC,13,2688,24
2024-12-03 11:00:00,72300.73,BiLSTMwFC,13,2688,24
2024-12-03 12:00:00,71147.69,BiLSTMwFC,13,2688,24
2024-12-03 13:00:00,71397.67,BiLSTMwFC,13,2688,24
2024-12-03 14:00:00,69102.08,BiLSTMwFC,13,2688,24
2024-12-03 15:00:00,65901.96,BiLSTMwFC,13,2688,24
2024-12-03 16:00:00,67491.41,BiLSTMwFC,13,2688,24
2024-12-03 17:00:00,67558.74,BiLSTMwFC,13,2688,24
2024-12-03 18:00:00,71262.48,BiLSTMwFC,13,2688,24
2024-12-03 19:00:00,70852.516,BiLSTMwFC,13,2688,24
2024-12-03 20:00:00,65677.3,BiLSTMwFC,13,2688,24
2024-12-03 21:00:00,61725.188,BiLSTMwFC,13,2688,24
2024-12-03 22:00:00,58805.938,BiLSTMwFC,13,2688,24
2024-12-03 23:00:00,51954.35,BiLSTMwFC,14,2688,24
2024-12-04 00:00:00,50174.195,BiLSTMwFC,14,2688,24
2024-12-04 01:00:00,48363.473,BiLSTMwFC,14,2688,24
2024-12-04 02:00:00,47389.074,BiLSTMwFC,14,2688,24
2024-12-04 03:00:00,47911.56,BiLSTMwFC,14,2688,24
2024-12-04 04:00:00,50358.51,BiLSTMwFC,14,2688,24
2024-12-04 05:00:00,54991.168,BiLSTMwFC,14,2688,24
2024-12-04 06:00:00,61533.605,BiLSTMwFC,14,2688,24
2024-12-04 07:00:00,65823.86,BiLSTMwFC,14,2688,24
2024-12-04 08:00:00,68389.87,BiLSTMwFC,14,2688,24
2024-12-04 09:00:00,69632.375,BiLSTMwFC,14,2688,24
2024-12-04 10:00:00,71069.21,BiLSTMwFC,14,2688,24
2024-12-04 11:00:00,71487.2,BiLSTMwFC,14,2688,24
2024-12-04 12:00:00,69931.17,BiLSTMwFC,14,2688,24
2024-12-04 13:00:00,70067.45,BiLSTMwFC,14,2688,24
2024-12-04 14:00:00,67532.88,BiLSTMwFC,14,2688,24
2024-12-04 15:00:00,65884.16,BiLSTMwFC,14,2688,24
2024-12-04 16:00:00,66111.05,BiLSTMwFC,14,2688,24
2024-12-04 17:00:00,67383.2,BiLSTMwFC,14,2688,24
2024-12-04 18:00:00,69919.984,BiLSTMwFC,14,2688,24
2024-12-04 19:00:00,68558.54,BiLSTMwFC,14,2688,24
2024-12-04 20:00:00,64101.363,BiLSTMwFC,14,2688,24
2024-12-04 21:00:00,60625.223,BiLSTMwFC,14,2688,24
2024-12-04 22:00:00,57065.24,BiLSTMwFC,14,2688,24
2024-12-04 23:00:00,53058.836,BiLSTMwFC,15,2688,24
2024-12-05 00:00:00,50343.156,BiLSTMwFC,15,2688,24
2024-12-05 01:00:00,48912.074,BiLSTMwFC,15,2688,24
2024-12-05 02:00:00,47960.258,BiLSTMwFC,15,2688,24
2024-12-05 03:00:00,48648.492,BiLSTMwFC,15,2688,24
2024-12-05 04:00:00,50346.27,BiLSTMwFC,15,2688,24
2024-12-05 05:00:00,54535.79,BiLSTMwFC,15,2688,24
2024-12-05 06:00:00,60950.434,BiLSTMwFC,15,2688,24
2024-12-05 07:00:00,64054.133,BiLSTMwFC,15,2688,24
2024-12-05 08:00:00,67795.164,BiLSTMwFC,15,2688,24
2024-12-05 09:00:00,69126.336,BiLSTMwFC,15,2688,24
2024-12-05 10:00:00,70831.16,BiLSTMwFC,15,2688,24
2024-12-05 11:00:00,71756.22,BiLSTMwFC,15,2688,24
2024-12-05 12:00:00,70370.3,BiLSTMwFC,15,2688,24
2024-12-05 13:00:00,69841.38,BiLSTMwFC,15,2688,24
2024-12-05 14:00:00,67202.9,BiLSTMwFC,15,2688,24
2024-12-05 15:00:00,66114.97,BiLSTMwFC,15,2688,24
2024-12-05 16:00:00,65994.65,BiLSTMwFC,15,2688,24
2024-12-05 17:00:00,67563.35,BiLSTMwFC,15,2688,24
2024-12-05 18:00:00,70260.5,BiLSTMwFC,15,2688,24
2024-12-05 19:00:00,68842.66,BiLSTMwFC,15,2688,24
2024-12-05 20:00:00,64486.54,BiLSTMwFC,15,2688,24
2024-12-05 21:00:00,61162.688,BiLSTMwFC,15,2688,24
2024-12-05 22:00:00,57508.17,BiLSTMwFC,15,2688,24
2024-12-05 23:00:00,55174.48,BiLSTMwFC,16,2688,24
2024-12-06 00:00:00,52231.383,BiLSTMwFC,16,2688,24
2024-12-06 01:00:00,50559.492,BiLSTMwFC,16,2688,24
2024-12-06 02:00:00,48992.26,BiLSTMwFC,16,2688,24
2024-12-06 03:00:00,50028.555,BiLSTMwFC,16,2688,24
2024-12-06 04:00:00,51559.07,BiLSTMwFC,16,2688,24
2024-12-06 05:00:00,54436.19,BiLSTMwFC,16,2688,24
2024-12-06 06:00:00,61465.348,BiLSTMwFC,16,2688,24
2024-12-06 07:00:00,64161.566,BiLSTMwFC,16,2688,24
2024-12-06 08:00:00,68467.67,BiLSTMwFC,16,2688,24
2024-12-06 09:00:00,69754.58,BiLSTMwFC,16,2688,24
2024-12-06 10:00:00,71349.18,BiLSTMwFC,16,2688,24
2024-12-06 11:00:00,72406.99,BiLSTMwFC,16,2688,24
2024-12-06 12:00:00,71113.56,BiLSTMwFC,16,2688,24
2024-12-06 13:00:00,70845.77,BiLSTMwFC,16,2688,24
2024-12-06 14:00:00,68004.63,BiLSTMwFC,16,2688,24
2024-12-06 15:00:00,66152.016,BiLSTMwFC,16,2688,24
2024-12-06 16:00:00,67163.6,BiLSTMwFC,16,2688,24
2024-12-06 17:00:00,67276.984,BiLSTMwFC,16,2688,24
2024-12-06 18:00:00,70692.48,BiLSTMwFC,16,2688,24
2024-12-06 19:00:00,69681.47,BiLSTMwFC,16,2688,24
2024-12-06 20:00:00,65711.78,BiLSTMwFC,16,2688,24
2024-12-06 21:00:00,61622.777,BiLSTMwFC,16,2688,24
2024-12-06 22:00:00,58287.457,BiLSTMwFC,16,2688,24
2024-12-06 23:00:00,51794.496,BiLSTMwFC,17,2688,24
2024-12-07 00:00:00,48998.344,BiLSTMwFC,17,2688,24
2024-12-07 01:00:00,47420.645,BiLSTMwFC,17,2688,24
2024-12-07 02:00:00,44853.676,BiLSTMwFC,17,2688,24
2024-12-07 03:00:00,45011.21,BiLSTMwFC,17,2688,24
2024-12-07 04:00:00,45373.26,BiLSTMwFC,17,2688,24
2024-12-07 05:00:00,44698.652,BiLSTMwFC,17,2688,24
2024-12-07 06:00:00,48742.086,BiLSTMwFC,17,2688,24
2024-12-07 07:00:00,50634.754,BiLSTMwFC,17,2688,24
2024-12-07 08:00:00,56753.0,BiLSTMwFC,17,2688,24
2024-12-07 09:00:00,59281.332,BiLSTMwFC,17,2688,24
2024-12-07 10:00:00,60392.516,BiLSTMwFC,17,2688,24
2024-12-07 11:00:00,61287.117,BiLSTMwFC,17,2688,24
2024-12-07 12:00:00,61113.61,BiLSTMwFC,17,2688,24
2024-12-07 13:00:00,59081.5,BiLSTMwFC,17,2688,24
2024-12-07 14:00:00,57347.668,BiLSTMwFC,17,2688,24
2024-12-07 15:00:00,55831.832,BiLSTMwFC,17,2688,24
2024-12-07 16:00:00,57388.87,BiLSTMwFC,17,2688,24
2024-12-07 17:00:00,58517.633,BiLSTMwFC,17,2688,24
2024-12-07 18:00:00,60972.66,BiLSTMwFC,17,2688,24
2024-12-07 19:00:00,60923.098,BiLSTMwFC,17,2688,24
2024-12-07 20:00:00,57045.758,BiLSTMwFC,17,2688,24
2024-12-07 21:00:00,54164.637,BiLSTMwFC,17,2688,24
2024-12-07 22:00:00,52281.08,BiLSTMwFC,17,2688,24
2024-12-07 23:00:00,47730.844,BiLSTMwFC,18,2688,24
2024-12-08 00:00:00,45359.695,BiLSTMwFC,18,2688,24
2024-12-08 01:00:00,44031.277,BiLSTMwFC,18,2688,24
2024-12-08 02:00:00,41618.945,BiLSTMwFC,18,2688,24
2024-12-08 03:00:00,42013.51,BiLSTMwFC,18,2688,24
2024-12-08 04:00:00,42549.055,BiLSTMwFC,18,2688,24
2024-12-08 05:00:00,41915.168,BiLSTMwFC,18,2688,24
2024-12-08 06:00:00,44774.367,BiLSTMwFC,18,2688,24
2024-12-08 07:00:00,47328.59,BiLSTMwFC,18,2688,24
2024-12-08 08:00:00,52340.742,BiLSTMwFC,18,2688,24
2024-12-08 09:00:00,55163.94,BiLSTMwFC,18,2688,24
2024-12-08 10:00:00,57341.867,BiLSTMwFC,18,2688,24
2024-12-08 11:00:00,57904.668,BiLSTMwFC,18,2688,24
2024-12-08 12:00:00,57360.12,BiLSTMwFC,18,2688,24
2024-12-08 13:00:00,55131.086,BiLSTMwFC,18,2688,24
2024-12-08 14:00:00,53849.297,BiLSTMwFC,18,2688,24
2024-12-08 15:00:00,53505.312,BiLSTMwFC,18,2688,24
2024-12-08 16:00:00,53431.63,BiLSTMwFC,18,2688,24
2024-12-08 17:00:00,57371.816,BiLSTMwFC,18,2688,24
2024-12-08 18:00:00,59907.535,BiLSTMwFC,18,2688,24
2024-12-08 19:00:00,58231.977,BiLSTMwFC,18,2688,24
2024-12-08 20:00:00,55911.633,BiLSTMwFC,18,2688,24
2024-12-08 21:00:00,53651.85,BiLSTMwFC,18,2688,24
2024-12-08 22:00:00,51657.76,BiLSTMwFC,18,2688,24
2024-12-08 23:00:00,48041.9,BiLSTMwFC,19,2688,24
2024-12-09 00:00:00,46486.598,BiLSTMwFC,19,2688,24
2024-12-09 01:00:00,45530.887,BiLSTMwFC,19,2688,24
2024-12-09 02:00:00,43079.254,BiLSTMwFC,19,2688,24
2024-12-09 03:00:00,44387.418,BiLSTMwFC,19,2688,24
2024-12-09 04:00:00,47656.746,BiLSTMwFC,19,2688,24
2024-12-09 05:00:00,52249.75,BiLSTMwFC,19,2688,24
2024-12-09 06:00:00,59041.742,BiLSTMwFC,19,2688,24
2024-12-09 07:00:00,63822.973,BiLSTMwFC,19,2688,24
2024-12-09 08:00:00,67000.38,BiLSTMwFC,19,2688,24
2024-12-09 09:00:00,68528.734,BiLSTMwFC,19,2688,24
2024-12-09 10:00:00,68567.0,BiLSTMwFC,19,2688,24
2024-12-09 11:00:00,69011.69,BiLSTMwFC,19,2688,24
2024-12-09 12:00:00,69304.44,BiLSTMwFC,19,2688,24
2024-12-09 13:00:00,67569.4,BiLSTMwFC,19,2688,24
2024-12-09 14:00:00,66364.93,BiLSTMwFC,19,2688,24
2024-12-09 15:00:00,65065.387,BiLSTMwFC,19,2688,24
2024-12-09 16:00:00,64012.19,BiLSTMwFC,19,2688,24
2024-12-09 17:00:00,66442.2,BiLSTMwFC,19,2688,24
2024-12-09 18:00:00,68346.12,BiLSTMwFC,19,2688,24
2024-12-09 19:00:00,66125.5,BiLSTMwFC,19,2688,24
2024-12-09 20:00:00,62386.867,BiLSTMwFC,19,2688,24
2024-12-09 21:00:00,57502.1,BiLSTMwFC,19,2688,24
2024-12-09 22:00:00,55264.52,BiLSTMwFC,19,2688,24
2024-12-09 23:00:00,53217.754,BiLSTMwFC,20,2688,24
2024-12-10 00:00:00,51238.992,BiLSTMwFC,20,2688,24
2024-12-10 01:00:00,49540.484,BiLSTMwFC,20,2688,24
2024-12-10 02:00:00,48258.16,BiLSTMwFC,20,2688,24
2024-12-10 03:00:00,49451.39,BiLSTMwFC,20,2688,24
2024-12-10 04:00:00,50850.145,BiLSTMwFC,20,2688,24
2024-12-10 05:00:00,55214.45,BiLSTMwFC,20,2688,24
2024-12-10 06:00:00,61367.15,BiLSTMwFC,20,2688,24
2024-12-10 07:00:00,66120.22,BiLSTMwFC,20,2688,24
2024-12-10 08:00:00,69876.97,BiLSTMwFC,20,2688,24
2024-12-10 09:00:00,70570.78,BiLSTMwFC,20,2688,24
2024-12-10 10:00:00,71507.39,BiLSTMwFC,20,2688,24
2024-12-10 11:00:00,72327.53,BiLSTMwFC,20,2688,24
2024-12-10 12:00:00,71217.83,BiLSTMwFC,20,2688,24
2024-12-10 13:00:00,71256.65,BiLSTMwFC,20,2688,24
2024-12-10 14:00:00,68658.734,BiLSTMwFC,20,2688,24
2024-12-10 15:00:00,65749.13,BiLSTMwFC,20,2688,24
2024-12-10 16:00:00,67214.914,BiLSTMwFC,20,2688,24
2024-12-10 17:00:00,68061.7,BiLSTMwFC,20,2688,24
2024-12-10 18:00:00,71378.13,BiLSTMwFC,20,2688,24
2024-12-10 19:00:00,71447.305,BiLSTMwFC,20,2688,24
2024-12-10 20:00:00,65530.14,BiLSTMwFC,20,2688,24
2024-12-10 21:00:00,61874.188,BiLSTMwFC,20,2688,24
2024-12-10 22:00:00,59137.453,BiLSTMwFC,20,2688,24
2024-12-10 23:00:00,52996.984,BiLSTMwFC,21,2688,24
2024-12-11 00:00:00,50937.152,BiLSTMwFC,21,2688,24
2024-12-11 01:00:00,49328.21,BiLSTMwFC,21,2688,24
2024-12-11 02:00:00,47873.62,BiLSTMwFC,21,2688,24
2024-12-11 03:00:00,49015.496,BiLSTMwFC,21,2688,24
2024-12-11 04:00:00,50424.453,BiLSTMwFC,21,2688,24
2024-12-11 05:00:00,54928.777,BiLSTMwFC,21,2688,24
2024-12-11 06:00:00,61228.49,BiLSTMwFC,21,2688,24
2024-12-11 07:00:00,65255.61,BiLSTMwFC,21,2688,24
2024-12-11 08:00:00,68870.0,BiLSTMwFC,21,2688,24
2024-12-11 09:00:00,69728.36,BiLSTMwFC,21,2688,24
2024-12-11 10:00:00,71143.25,BiLSTMwFC,21,2688,24
2024-12-11 11:00:00,71829.3,BiLSTMwFC,21,2688,24
2024-12-11 12:00:00,70664.13,BiLSTMwFC,21,2688,24
2024-12-11 13:00:00,70454.83,BiLSTMwFC,21,2688,24
2024-12-11 14:00:00,67846.11,BiLSTMwFC,21,2688,24
2024-12-11 15:00:00,65888.67,BiLSTMwFC,21,2688,24
2024-12-11 16:00:00,66606.98,BiLSTMwFC,21,2688,24
2024-12-11 17:00:00,67409.09,BiLSTMwFC,21,2688,24
2024-12-11 18:00:00,70602.53,BiLSTMwFC,21,2688,24
2024-12-11 19:00:00,70057.3,BiLSTMwFC,21,2688,24
2024-12-11 20:00:00,65034.1,BiLSTMwFC,21,2688,24
2024-12-11 21:00:00,61523.4,BiLSTMwFC,21,2688,24
2024-12-11 22:00:00,58515.55,BiLSTMwFC,21,2688,24
2024-12-11 23:00:00,53298.234,BiLSTMwFC,22,2688,24
2024-12-12 00:00:00,50213.312,BiLSTMwFC,22,2688,24
2024-12-12 01:00:00,49015.785,BiLSTMwFC,22,2688,24
2024-12-12 02:00:00,47825.15,BiLSTMwFC,22,2688,24
2024-12-12 03:00:00,49058.098,BiLSTMwFC,22,2688,24
2024-12-12 04:00:00,49912.234,BiLSTMwFC,22,2688,24
2024-12-12 05:00:00,54020.516,BiLSTMwFC,22,2688,24
2024-12-12 06:00:00,59920.863,BiLSTMwFC,22,2688,24
2024-12-12 07:00:00,62809.375,BiLSTMwFC,22,2688,24
2024-12-12 08:00:00,67290.13,BiLSTMwFC,22,2688,24
2024-12-12 09:00:00,68307.32,BiLSTMwFC,22,2688,24
2024-12-12 10:00:00,69564.93,BiLSTMwFC,22,2688,24
2024-12-12 11:00:00,70727.53,BiLSTMwFC,22,2688,24
2024-12-12 12:00:00,69834.234,BiLSTMwFC,22,2688,24
2024-12-12 13:00:00,68854.836,BiLSTMwFC,22,2688,24
2024-12-12 14:00:00,66252.58,BiLSTMwFC,22,2688,24
2024-12-12 15:00:00,64975.9,BiLSTMwFC,22,2688,24
2024-12-12 16:00:00,65209.258,BiLSTMwFC,22,2688,24
2024-12-12 17:00:00,66559.766,BiLSTMwFC,22,2688,24
2024-12-12 18:00:00,69653.23,BiLSTMwFC,22,2688,24
2024-12-12 19:00:00,68923.6,BiLSTMwFC,22,2688,24
2024-12-12 20:00:00,64179.086,BiLSTMwFC,22,2688,24
2024-12-12 21:00:00,60859.043,BiLSTMwFC,22,2688,24
2024-12-12 22:00:00,57779.73,BiLSTMwFC,22,2688,24
2024-12-12 23:00:00,53545.016,BiLSTMwFC,23,2688,24
2024-12-13 00:00:00,50842.43,BiLSTMwFC,23,2688,24
2024-12-13 01:00:00,48815.18,BiLSTMwFC,23,2688,24
2024-12-13 02:00:00,47314.805,BiLSTMwFC,23,2688,24
2024-12-13 03:00:00,48575.58,BiLSTMwFC,23,2688,24
2024-12-13 04:00:00,50331.297,BiLSTMwFC,23,2688,24
2024-12-13 05:00:00,53405.344,BiLSTMwFC,23,2688,24
2024-12-13 06:00:00,59812.863,BiLSTMwFC,23,2688,24
2024-12-13 07:00:00,62936.52,BiLSTMwFC,23,2688,24
2024-12-13 08:00:00,67053.07,BiLSTMwFC,23,2688,24
2024-12-13 09:00:00,68043.55,BiLSTMwFC,23,2688,24
2024-12-13 10:00:00,69383.87,BiLSTMwFC,23,2688,24
2024-12-13 11:00:00,70041.22,BiLSTMwFC,23,2688,24
2024-12-13 12:00:00,69432.61,BiLSTMwFC,23,2688,24
2024-12-13 13:00:00,68541.805,BiLSTMwFC,23,2688,24
2024-12-13 14:00:00,65748.97,BiLSTMwFC,23,2688,24
2024-12-13 15:00:00,64716.297,BiLSTMwFC,23,2688,24
2024-12-13 16:00:00,65039.402,BiLSTMwFC,23,2688,24
2024-12-13 17:00:00,65329.04,BiLSTMwFC,23,2688,24
2024-12-13 18:00:00,68873.22,BiLSTMwFC,23,2688,24
2024-12-13 19:00:00,67595.945,BiLSTMwFC,23,2688,24
2024-12-13 20:00:00,64075.066,BiLSTMwFC,23,2688,24
2024-12-13 21:00:00,59951.617,BiLSTMwFC,23,2688,24
2024-12-13 22:00:00,57271.164,BiLSTMwFC,23,2688,24
2024-12-13 23:00:00,51910.016,BiLSTMwFC,24,2688,24
2024-12-14 00:00:00,48881.33,BiLSTMwFC,24,2688,24
2024-12-14 01:00:00,47027.34,BiLSTMwFC,24,2688,24
2024-12-14 02:00:00,45037.65,BiLSTMwFC,24,2688,24
2024-12-14 03:00:00,45311.09,BiLSTMwFC,24,2688,24
2024-12-14 04:00:00,45363.023,BiLSTMwFC,24,2688,24
2024-12-14 05:00:00,44375.03,BiLSTMwFC,24,2688,24
2024-12-14 06:00:00,48528.51,BiLSTMwFC,24,2688,24
2024-12-14 07:00:00,50581.746,BiLSTMwFC,24,2688,24
2024-12-14 08:00:00,56774.312,BiLSTMwFC,24,2688,24
2024-12-14 09:00:00,59205.46,BiLSTMwFC,24,2688,24
2024-12-14 10:00:00,60477.72,BiLSTMwFC,24,2688,24
2024-12-14 11:00:00,61545.906,BiLSTMwFC,24,2688,24
2024-12-14 12:00:00,61474.582,BiLSTMwFC,24,2688,24
2024-12-14 13:00:00,59451.508,BiLSTMwFC,24,2688,24
2024-12-14 14:00:00,57086.938,BiLSTMwFC,24,2688,24
2024-12-14 15:00:00,56242.137,BiLSTMwFC,24,2688,24
2024-12-14 16:00:00,57407.746,BiLSTMwFC,24,2688,24
2024-12-14 17:00:00,58866.727,BiLSTMwFC,24,2688,24
2024-12-14 18:00:00,61786.008,BiLSTMwFC,24,2688,24
2024-12-14 19:00:00,61503.79,BiLSTMwFC,24,2688,24
2024-12-14 20:00:00,57517.895,BiLSTMwFC,24,2688,24
2024-12-14 21:00:00,54862.16,BiLSTMwFC,24,2688,24
2024-12-14 22:00:00,53160.31,BiLSTMwFC,24,2688,24
2024-12-14 23:00:00,48874.188,BiLSTMwFC,25,2688,24
2024-12-15 00:00:00,46297.188,BiLSTMwFC,25,2688,24
2024-12-15 01:00:00,44735.92,BiLSTMwFC,25,2688,24
2024-12-15 02:00:00,42285.227,BiLSTMwFC,25,2688,24
2024-12-15 03:00:00,42612.32,BiLSTMwFC,25,2688,24
2024-12-15 04:00:00,42762.164,BiLSTMwFC,25,2688,24
2024-12-15 05:00:00,41647.66,BiLSTMwFC,25,2688,24
2024-12-15 06:00:00,44859.367,BiLSTMwFC,25,2688,24
2024-12-15 07:00:00,47496.64,BiLSTMwFC,25,2688,24
2024-12-15 08:00:00,53018.64,BiLSTMwFC,25,2688,24
2024-12-15 09:00:00,55730.004,BiLSTMwFC,25,2688,24
2024-12-15 10:00:00,58155.35,BiLSTMwFC,25,2688,24
2024-12-15 11:00:00,59067.168,BiLSTMwFC,25,2688,24
2024-12-15 12:00:00,58508.8,BiLSTMwFC,25,2688,24
2024-12-15 13:00:00,56311.703,BiLSTMwFC,25,2688,24
2024-12-15 14:00:00,54826.242,BiLSTMwFC,25,2688,24
2024-12-15 15:00:00,54302.758,BiLSTMwFC,25,2688,24
2024-12-15 16:00:00,54389.258,BiLSTMwFC,25,2688,24
2024-12-15 17:00:00,58269.703,BiLSTMwFC,25,2688,24
2024-12-15 18:00:00,61423.176,BiLSTMwFC,25,2688,24
2024-12-15 19:00:00,60086.383,BiLSTMwFC,25,2688,24
2024-12-15 20:00:00,57510.53,BiLSTMwFC,25,2688,24
2024-12-15 21:00:00,55117.496,BiLSTMwFC,25,2688,24
2024-12-15 22:00:00,53340.953,BiLSTMwFC,25,2688,24
2024-12-15 23:00:00,50682.625,BiLSTMwFC,26,2688,24
2024-12-16 00:00:00,48716.863,BiLSTMwFC,26,2688,24
2024-12-16 01:00:00,47911.15,BiLSTMwFC,26,2688,24
2024-12-16 02:00:00,45098.914,BiLSTMwFC,26,2688,24
2024-12-16 03:00:00,46242.207,BiLSTMwFC,26,2688,24
2024-12-16 04:00:00,49220.844,BiLSTMwFC,26,2688,24
2024-12-16 05:00:00,53412.844,BiLSTMwFC,26,2688,24
2024-12-16 06:00:00,60721.19,BiLSTMwFC,26,2688,24
2024-12-16 07:00:00,65455.348,BiLSTMwFC,26,2688,24
2024-12-16 08:00:00,69050.336,BiLSTMwFC,26,2688,24
2024-12-16 09:00:00,70852.664,BiLSTMwFC,26,2688,24
2024-12-16 10:00:00,70388.62,BiLSTMwFC,26,2688,24
2024-12-16 11:00:00,71480.45,BiLSTMwFC,26,2688,24
2024-12-16 12:00:00,71881.04,BiLSTMwFC,26,2688,24
2024-12-16 13:00:00,70119.945,BiLSTMwFC,26,2688,24
2024-12-16 14:00:00,69215.766,BiLSTMwFC,26,2688,24
2024-12-16 15:00:00,66817.414,BiLSTMwFC,26,2688,24
2024-12-16 16:00:00,66171.44,BiLSTMwFC,26,2688,24
2024-12-16 17:00:00,68586.08,BiLSTMwFC,26,2688,24
2024-12-16 18:00:00,71100.266,BiLSTMwFC,26,2688,24
2024-12-16 19:00:00,69163.22,BiLSTMwFC,26,2688,24
2024-12-16 20:00:00,64796.816,BiLSTMwFC,26,2688,24
2024-12-16 21:00:00,59552.996,BiLSTMwFC,26,2688,24
2024-12-16 22:00:00,57198.96,BiLSTMwFC,26,2688,24
2024-12-16 23:00:00,52015.93,BiLSTMwFC,27,2688,24
2024-12-17 00:00:00,50493.96,BiLSTMwFC,27,2688,24
2024-12-17 01:00:00,49221.145,BiLSTMwFC,27,2688,24
2024-12-17 02:00:00,47503.684,BiLSTMwFC,27,2688,24
2024-12-17 03:00:00,48606.902,BiLSTMwFC,27,2688,24
2024-12-17 04:00:00,50469.805,BiLSTMwFC,27,2688,24
2024-12-17 05:00:00,55258.816,BiLSTMwFC,27,2688,24
2024-12-17 06:00:00,61506.68,BiLSTMwFC,27,2688,24
2024-12-17 07:00:00,66215.04,BiLSTMwFC,27,2688,24
2024-12-17 08:00:00,69228.95,BiLSTMwFC,27,2688,24
2024-12-17 09:00:00,70219.57,BiLSTMwFC,27,2688,24
2024-12-17 10:00:00,70488.76,BiLSTMwFC,27,2688,24
2024-12-17 11:00:00,71108.65,BiLSTMwFC,27,2688,24
2024-12-17 12:00:00,70034.22,BiLSTMwFC,27,2688,24
2024-12-17 13:00:00,69930.67,BiLSTMwFC,27,2688,24
2024-12-17 14:00:00,67749.83,BiLSTMwFC,27,2688,24
2024-12-17 15:00:00,64494.438,BiLSTMwFC,27,2688,24
2024-12-17 16:00:00,66341.73,BiLSTMwFC,27,2688,24
2024-12-17 17:00:00,66661.94,BiLSTMwFC,27,2688,24
2024-12-17 18:00:00,69627.45,BiLSTMwFC,27,2688,24
2024-12-17 19:00:00,69673.44,BiLSTMwFC,27,2688,24
2024-12-17 20:00:00,63990.16,BiLSTMwFC,27,2688,24
2024-12-17 21:00:00,60534.37,BiLSTMwFC,27,2688,24
2024-12-17 22:00:00,57447.6,BiLSTMwFC,27,2688,24
2024-12-17 23:00:00,49872.11,BiLSTMwFC,28,2688,24
2024-12-18 00:00:00,48258.582,BiLSTMwFC,28,2688,24
2024-12-18 01:00:00,46770.074,BiLSTMwFC,28,2688,24
2024-12-18 02:00:00,45805.117,BiLSTMwFC,28,2688,24
2024-12-18 03:00:00,46600.535,BiLSTMwFC,28,2688,24
2024-12-18 04:00:00,48991.71,BiLSTMwFC,28,2688,24
2024-12-18 05:00:00,54191.473,BiLSTMwFC,28,2688,24
2024-12-18 06:00:00,60220.914,BiLSTMwFC,28,2688,24
2024-12-18 07:00:00,64172.977,BiLSTMwFC,28,2688,24
2024-12-18 08:00:00,66454.38,BiLSTMwFC,28,2688,24
2024-12-18 09:00:00,67716.055,BiLSTMwFC,28,2688,24
2024-12-18 10:00:00,68319.32,BiLSTMwFC,28,2688,24
2024-12-18 11:00:00,68618.45,BiLSTMwFC,28,2688,24
2024-12-18 12:00:00,67519.875,BiLSTMwFC,28,2688,24
2024-12-18 13:00:00,67087.41,BiLSTMwFC,28,2688,24
2024-12-18 14:00:00,64823.348,BiLSTMwFC,28,2688,24
2024-12-18 15:00:00,63490.81,BiLSTMwFC,28,2688,24
2024-12-18 16:00:00,63660.453,BiLSTMwFC,28,2688,24
2024-12-18 17:00:00,64901.312,BiLSTMwFC,28,2688,24
2024-12-18 18:00:00,66973.52,BiLSTMwFC,28,2688,24
2024-12-18 19:00:00,65290.812,BiLSTMwFC,28,2688,24
2024-12-18 20:00:00,61195.47,BiLSTMwFC,28,2688,24
2024-12-18 21:00:00,57863.25,BiLSTMwFC,28,2688,24
2024-12-18 22:00:00,54453.57,BiLSTMwFC,28,2688,24
2024-12-18 23:00:00,50043.863,BiLSTMwFC,29,2688,24
2024-12-19 00:00:00,48381.277,BiLSTMwFC,29,2688,24
2024-12-19 01:00:00,46822.402,BiLSTMwFC,29,2688,24
2024-12-19 02:00:00,46153.83,BiLSTMwFC,29,2688,24
2024-12-19 03:00:00,46336.88,BiLSTMwFC,29,2688,24
2024-12-19 04:00:00,49361.125,BiLSTMwFC,29,2688,24
2024-12-19 05:00:00,54469.96,BiLSTMwFC,29,2688,24
2024-12-19 06:00:00,60932.66,BiLSTMwFC,29,2688,24
2024-12-19 07:00:00,64320.547,BiLSTMwFC,29,2688,24
2024-12-19 08:00:00,66282.74,BiLSTMwFC,29,2688,24
2024-12-19 09:00:00,68167.63,BiLSTMwFC,29,2688,24
2024-12-19 10:00:00,69312.21,BiLSTMwFC,29,2688,24
2024-12-19 11:00:00,69595.484,BiLSTMwFC,29,2688,24
2024-12-19 12:00:00,68011.79,BiLSTMwFC,29,2688,24
2024-12-19 13:00:00,67314.67,BiLSTMwFC,29,2688,24
2024-12-19 14:00:00,65407.88,BiLSTMwFC,29,2688,24
2024-12-19 15:00:00,64236.965,BiLSTMwFC,29,2688,24
2024-12-19 16:00:00,63974.53,BiLSTMwFC,29,2688,24
2024-12-19 17:00:00,65360.336,BiLSTMwFC,29,2688,24
2024-12-19 18:00:00,67206.52,BiLSTMwFC,29,2688,24
2024-12-19 19:00:00,64659.105,BiLSTMwFC,29,2688,24
2024-12-19 20:00:00,61236.105,BiLSTMwFC,29,2688,24
2024-12-19 21:00:00,58052.35,BiLSTMwFC,29,2688,24
2024-12-19 22:00:00,53594.953,BiLSTMwFC,29,2688,24
2024-12-19 23:00:00,49352.895,BiLSTMwFC,30,2688,24
2024-12-20 00:00:00,47349.902,BiLSTMwFC,30,2688,24
2024-12-20 01:00:00,45696.93,BiLSTMwFC,30,2688,24
2024-12-20 02:00:00,45116.17,BiLSTMwFC,30,2688,24
2024-12-20 03:00:00,45805.746,BiLSTMwFC,30,2688,24
2024-12-20 04:00:00,48915.457,BiLSTMwFC,30,2688,24
2024-12-20 05:00:00,52963.69,BiLSTMwFC,30,2688,24
2024-12-20 06:00:00,58816.91,BiLSTMwFC,30,2688,24
2024-12-20 07:00:00,62140.293,BiLSTMwFC,30,2688,24
2024-12-20 08:00:00,64184.332,BiLSTMwFC,30,2688,24
2024-12-20 09:00:00,65570.86,BiLSTMwFC,30,2688,24
2024-12-20 10:00:00,67131.35,BiLSTMwFC,30,2688,24
2024-12-20 11:00:00,66488.61,BiLSTMwFC,30,2688,24
2024-12-20 12:00:00,65080.36,BiLSTMwFC,30,2688,24
2024-12-20 13:00:00,64479.9,BiLSTMwFC,30,2688,24
2024-12-20 14:00:00,61984.23,BiLSTMwFC,30,2688,24
2024-12-20 15:00:00,62173.043,BiLSTMwFC,30,2688,24
2024-12-20 16:00:00,61471.72,BiLSTMwFC,30,2688,24
2024-12-20 17:00:00,62745.867,BiLSTMwFC,30,2688,24
2024-12-20 18:00:00,63599.19,BiLSTMwFC,30,2688,24
2024-12-20 19:00:00,61101.957,BiLSTMwFC,30,2688,24
2024-12-20 20:00:00,58727.11,BiLSTMwFC,30,2688,24
2024-12-20 21:00:00,55329.562,BiLSTMwFC,30,2688,24
2024-12-20 22:00:00,51720.543,BiLSTMwFC,30,2688,24
